2026-02-25 16:56:43.197 [main] ERROR com.alibaba.druid.pool.DruidDataSource - init datasource error, url: jdbc:mysql://47.101.196.164:3306/xiaozhi_esp32_server?useUnicode=true&characterEncoding=UTF-8&serverTimezone=Asia/Shanghai&nullCatalogMeansCurrent=true
java.sql.SQLSyntaxErrorException: Access denied for user 'mdtg'@'%' to database 'xiaozhi_esp32_server'
	at com.mysql.cj.jdbc.exceptions.SQLError.createSQLException(SQLError.java:112)
	at com.mysql.cj.jdbc.exceptions.SQLExceptionsMapping.translateException(SQLExceptionsMapping.java:114)
	at com.mysql.cj.jdbc.ConnectionImpl.createNewIO(ConnectionImpl.java:837)
	at com.mysql.cj.jdbc.ConnectionImpl.<init>(ConnectionImpl.java:420)
	at com.mysql.cj.jdbc.ConnectionImpl.getInstance(ConnectionImpl.java:238)
	at com.mysql.cj.jdbc.NonRegisteringDriver.connect(NonRegisteringDriver.java:180)
	at com.alibaba.druid.pool.DruidAbstractDataSource.createPhysicalConnection(DruidAbstractDataSource.java:1703)
	at com.alibaba.druid.pool.DruidAbstractDataSource.createPhysicalConnection(DruidAbstractDataSource.java:1801)
	at com.alibaba.druid.pool.DruidDataSource.init(DruidDataSource.java:938)
	at java.base/jdk.internal.reflect.DirectMethodHandleAccessor.invoke(DirectMethodHandleAccessor.java:103)
	at java.base/java.lang.reflect.Method.invoke(Method.java:580)
	at org.springframework.beans.factory.support.AbstractAutowireCapableBeanFactory.invokeCustomInitMethod(AbstractAutowireCapableBeanFactory.java:1916)
	at org.springframework.beans.factory.support.AbstractAutowireCapableBeanFactory.invokeInitMethods(AbstractAutowireCapableBeanFactory.java:1869)
	at org.springframework.beans.factory.support.AbstractAutowireCapableBeanFactory.initializeBean(AbstractAutowireCapableBeanFactory.java:1808)
	at org.springframework.beans.factory.support.AbstractAutowireCapableBeanFactory.doCreateBean(AbstractAutowireCapableBeanFactory.java:601)
	at org.springframework.beans.factory.support.AbstractAutowireCapableBeanFactory.createBean(AbstractAutowireCapableBeanFactory.java:523)
	at org.springframework.beans.factory.support.AbstractBeanFactory.lambda$doGetBean$0(AbstractBeanFactory.java:339)
	at org.springframework.beans.factory.support.DefaultSingletonBeanRegistry.getSingleton(DefaultSingletonBeanRegistry.java:346)
	at org.springframework.beans.factory.support.AbstractBeanFactory.doGetBean(AbstractBeanFactory.java:337)
	at org.springframework.beans.factory.support.AbstractBeanFactory.getBean(AbstractBeanFactory.java:202)
	at org.springframework.beans.factory.support.DefaultListableBeanFactory.doResolveDependency(DefaultListableBeanFactory.java:1606)
	at org.springframework.beans.factory.support.DefaultListableBeanFactory$DependencyObjectProvider.getIfUnique(DefaultListableBeanFactory.java:2467)
	at org.springframework.boot.autoconfigure.liquibase.LiquibaseAutoConfiguration$LiquibaseConfiguration.liquibase(LiquibaseAutoConfiguration.java:106)
	at java.base/jdk.internal.reflect.DirectMethodHandleAccessor.invoke(DirectMethodHandleAccessor.java:103)
	at java.base/java.lang.reflect.Method.invoke(Method.java:580)
	at org.springframework.beans.factory.support.SimpleInstantiationStrategy.lambda$instantiate$0(SimpleInstantiationStrategy.java:171)
	at org.springframework.beans.factory.support.SimpleInstantiationStrategy.instantiateWithFactoryMethod(SimpleInstantiationStrategy.java:88)
	at org.springframework.beans.factory.support.SimpleInstantiationStrategy.instantiate(SimpleInstantiationStrategy.java:168)
	at org.springframework.beans.factory.support.ConstructorResolver.instantiate(ConstructorResolver.java:653)
	at org.springframework.beans.factory.support.ConstructorResolver.instantiateUsingFactoryMethod(ConstructorResolver.java:645)
	at org.springframework.beans.factory.support.AbstractAutowireCapableBeanFactory.instantiateUsingFactoryMethod(AbstractAutowireCapableBeanFactory.java:1361)
	at org.springframework.beans.factory.support.AbstractAutowireCapableBeanFactory.createBeanInstance(AbstractAutowireCapableBeanFactory.java:1191)
	at org.springframework.beans.factory.support.AbstractAutowireCapableBeanFactory.doCreateBean(AbstractAutowireCapableBeanFactory.java:563)
	at org.springframework.beans.factory.support.AbstractAutowireCapableBeanFactory.createBean(AbstractAutowireCapableBeanFactory.java:523)
	at org.springframework.beans.factory.support.AbstractBeanFactory.lambda$doGetBean$0(AbstractBeanFactory.java:339)
	at org.springframework.beans.factory.support.DefaultSingletonBeanRegistry.getSingleton(DefaultSingletonBeanRegistry.java:346)
	at org.springframework.beans.factory.support.AbstractBeanFactory.doGetBean(AbstractBeanFactory.java:337)
	at org.springframework.beans.factory.support.AbstractBeanFactory.getBean(AbstractBeanFactory.java:202)
	at org.springframework.beans.factory.support.AbstractBeanFactory.doGetBean(AbstractBeanFactory.java:315)
	at org.springframework.beans.factory.support.AbstractBeanFactory.getBean(AbstractBeanFactory.java:202)
	at org.springframework.beans.factory.support.BeanDefinitionValueResolver.resolveReference(BeanDefinitionValueResolver.java:365)
	at org.springframework.beans.factory.support.BeanDefinitionValueResolver.resolveValueIfNecessary(BeanDefinitionValueResolver.java:135)
	at org.springframework.beans.factory.support.AbstractAutowireCapableBeanFactory.applyPropertyValues(AbstractAutowireCapableBeanFactory.java:1711)
	at org.springframework.beans.factory.support.AbstractAutowireCapableBeanFactory.populateBean(AbstractAutowireCapableBeanFactory.java:1460)
	at org.springframework.beans.factory.support.AbstractAutowireCapableBeanFactory.doCreateBean(AbstractAutowireCapableBeanFactory.java:600)
	at org.springframework.beans.factory.support.AbstractAutowireCapableBeanFactory.createBean(AbstractAutowireCapableBeanFactory.java:523)
	at org.springframework.beans.factory.support.AbstractBeanFactory.lambda$doGetBean$0(AbstractBeanFactory.java:339)
	at org.springframework.beans.factory.support.DefaultSingletonBeanRegistry.getSingleton(DefaultSingletonBeanRegistry.java:346)
	at org.springframework.beans.factory.support.AbstractBeanFactory.doGetBean(AbstractBeanFactory.java:337)
	at org.springframework.beans.factory.support.AbstractBeanFactory.getBean(AbstractBeanFactory.java:202)
	at org.springframework.beans.factory.config.DependencyDescriptor.resolveCandidate(DependencyDescriptor.java:254)
	at org.springframework.beans.factory.support.DefaultListableBeanFactory.doResolveDependency(DefaultListableBeanFactory.java:1664)
	at org.springframework.beans.factory.support.DefaultListableBeanFactory.resolveDependency(DefaultListableBeanFactory.java:1552)
	at org.springframework.beans.factory.annotation.AutowiredAnnotationBeanPostProcessor$AutowiredFieldElement.resolveFieldValue(AutowiredAnnotationBeanPostProcessor.java:785)
	at org.springframework.beans.factory.annotation.AutowiredAnnotationBeanPostProcessor$AutowiredFieldElement.inject(AutowiredAnnotationBeanPostProcessor.java:768)
	at org.springframework.beans.factory.annotation.InjectionMetadata.inject(InjectionMetadata.java:146)
	at org.springframework.beans.factory.annotation.AutowiredAnnotationBeanPostProcessor.postProcessProperties(AutowiredAnnotationBeanPostProcessor.java:509)
	at org.springframework.beans.factory.support.AbstractAutowireCapableBeanFactory.populateBean(AbstractAutowireCapableBeanFactory.java:1445)
	at org.springframework.beans.factory.support.AbstractAutowireCapableBeanFactory.doCreateBean(AbstractAutowireCapableBeanFactory.java:600)
	at org.springframework.beans.factory.support.AbstractAutowireCapableBeanFactory.createBean(AbstractAutowireCapableBeanFactory.java:523)
	at org.springframework.beans.factory.support.AbstractBeanFactory.lambda$doGetBean$0(AbstractBeanFactory.java:339)
	at org.springframework.beans.factory.support.DefaultSingletonBeanRegistry.getSingleton(DefaultSingletonBeanRegistry.java:346)
	at org.springframework.beans.factory.support.AbstractBeanFactory.doGetBean(AbstractBeanFactory.java:337)
	at org.springframework.beans.factory.support.AbstractBeanFactory.getBean(AbstractBeanFactory.java:202)
	at org.springframework.beans.factory.config.DependencyDescriptor.resolveCandidate(DependencyDescriptor.java:254)
	at org.springframework.beans.factory.support.DefaultListableBeanFactory.doResolveDependency(DefaultListableBeanFactory.java:1664)
	at org.springframework.beans.factory.support.DefaultListableBeanFactory.resolveDependency(DefaultListableBeanFactory.java:1552)
	at org.springframework.beans.factory.support.ConstructorResolver.resolveAutowiredArgument(ConstructorResolver.java:913)
	at org.springframework.beans.factory.support.ConstructorResolver.createArgumentArray(ConstructorResolver.java:791)
	at org.springframework.beans.factory.support.ConstructorResolver.instantiateUsingFactoryMethod(ConstructorResolver.java:546)
	at org.springframework.beans.factory.support.AbstractAutowireCapableBeanFactory.instantiateUsingFactoryMethod(AbstractAutowireCapableBeanFactory.java:1361)
	at org.springframework.beans.factory.support.AbstractAutowireCapableBeanFactory.createBeanInstance(AbstractAutowireCapableBeanFactory.java:1191)
	at org.springframework.beans.factory.support.AbstractAutowireCapableBeanFactory.getSingletonFactoryBeanForTypeCheck(AbstractAutowireCapableBeanFactory.java:1020)
	at org.springframework.beans.factory.support.AbstractAutowireCapableBeanFactory.getTypeForFactoryBean(AbstractAutowireCapableBeanFactory.java:910)
	at org.springframework.beans.factory.support.AbstractBeanFactory.isTypeMatch(AbstractBeanFactory.java:665)
	at org.springframework.beans.factory.support.DefaultListableBeanFactory.doGetBeanNamesForType(DefaultListableBeanFactory.java:631)
	at org.springframework.beans.factory.support.DefaultListableBeanFactory.getBeanNamesForType(DefaultListableBeanFactory.java:590)
	at org.springframework.beans.factory.BeanFactoryUtils.beanNamesForTypeIncludingAncestors(BeanFactoryUtils.java:264)
	at org.springframework.beans.factory.support.DefaultListableBeanFactory.findAutowireCandidates(DefaultListableBeanFactory.java:1864)
	at org.springframework.beans.factory.support.DefaultListableBeanFactory.resolveMultipleBeans(DefaultListableBeanFactory.java:1697)
	at org.springframework.beans.factory.support.DefaultListableBeanFactory.doResolveDependency(DefaultListableBeanFactory.java:1613)
	at org.springframework.beans.factory.support.DefaultListableBeanFactory$DependencyObjectProvider.resolveStream(DefaultListableBeanFactory.java:2512)
	at org.springframework.beans.factory.support.DefaultListableBeanFactory$DependencyObjectProvider.orderedStream(DefaultListableBeanFactory.java:2506)
	at org.springframework.boot.autoconfigure.validation.ValidationAutoConfiguration.methodValidationPostProcessor(ValidationAutoConfiguration.java:73)
	at java.base/jdk.internal.reflect.DirectMethodHandleAccessor.invoke(DirectMethodHandleAccessor.java:103)
	at java.base/java.lang.reflect.Method.invoke(Method.java:580)
	at org.springframework.beans.factory.support.SimpleInstantiationStrategy.lambda$instantiate$0(SimpleInstantiationStrategy.java:171)
	at org.springframework.beans.factory.support.SimpleInstantiationStrategy.instantiateWithFactoryMethod(SimpleInstantiationStrategy.java:88)
	at org.springframework.beans.factory.support.SimpleInstantiationStrategy.instantiate(SimpleInstantiationStrategy.java:168)
	at org.springframework.beans.factory.support.ConstructorResolver.instantiate(ConstructorResolver.java:653)
	at org.springframework.beans.factory.support.ConstructorResolver.instantiateUsingFactoryMethod(ConstructorResolver.java:645)
	at org.springframework.beans.factory.support.AbstractAutowireCapableBeanFactory.instantiateUsingFactoryMethod(AbstractAutowireCapableBeanFactory.java:1361)
	at org.springframework.beans.factory.support.AbstractAutowireCapableBeanFactory.createBeanInstance(AbstractAutowireCapableBeanFactory.java:1191)
	at org.springframework.beans.factory.support.AbstractAutowireCapableBeanFactory.doCreateBean(AbstractAutowireCapableBeanFactory.java:563)
	at org.springframework.beans.factory.support.AbstractAutowireCapableBeanFactory.createBean(AbstractAutowireCapableBeanFactory.java:523)
	at org.springframework.beans.factory.support.AbstractBeanFactory.lambda$doGetBean$0(AbstractBeanFactory.java:339)
	at org.springframework.beans.factory.support.DefaultSingletonBeanRegistry.getSingleton(DefaultSingletonBeanRegistry.java:346)
	at org.springframework.beans.factory.support.AbstractBeanFactory.doGetBean(AbstractBeanFactory.java:337)
	at org.springframework.beans.factory.support.AbstractBeanFactory.getBean(AbstractBeanFactory.java:207)
	at org.springframework.context.support.PostProcessorRegistrationDelegate.registerBeanPostProcessors(PostProcessorRegistrationDelegate.java:265)
	at org.springframework.context.support.AbstractApplicationContext.registerBeanPostProcessors(AbstractApplicationContext.java:808)
	at org.springframework.context.support.AbstractApplicationContext.refresh(AbstractApplicationContext.java:611)
	at org.springframework.boot.web.servlet.context.ServletWebServerApplicationContext.refresh(ServletWebServerApplicationContext.java:146)
	at org.springframework.boot.SpringApplication.refresh(SpringApplication.java:752)
	at org.springframework.boot.SpringApplication.refreshContext(SpringApplication.java:439)
	at org.springframework.boot.SpringApplication.run(SpringApplication.java:318)
	at org.springframework.boot.SpringApplication.run(SpringApplication.java:1361)
	at org.springframework.boot.SpringApplication.run(SpringApplication.java:1350)
	at mdtg.AdminApplication.main(AdminApplication.java:10)
2026-02-25 16:56:43.209 [main] ERROR com.alibaba.druid.pool.DruidDataSource - {dataSource-1} init error
java.sql.SQLSyntaxErrorException: Access denied for user 'mdtg'@'%' to database 'xiaozhi_esp32_server'
	at com.mysql.cj.jdbc.exceptions.SQLError.createSQLException(SQLError.java:112)
	at com.mysql.cj.jdbc.exceptions.SQLExceptionsMapping.translateException(SQLExceptionsMapping.java:114)
	at com.mysql.cj.jdbc.ConnectionImpl.createNewIO(ConnectionImpl.java:837)
	at com.mysql.cj.jdbc.ConnectionImpl.<init>(ConnectionImpl.java:420)
	at com.mysql.cj.jdbc.ConnectionImpl.getInstance(ConnectionImpl.java:238)
	at com.mysql.cj.jdbc.NonRegisteringDriver.connect(NonRegisteringDriver.java:180)
	at com.alibaba.druid.pool.DruidAbstractDataSource.createPhysicalConnection(DruidAbstractDataSource.java:1703)
	at com.alibaba.druid.pool.DruidAbstractDataSource.createPhysicalConnection(DruidAbstractDataSource.java:1801)
	at com.alibaba.druid.pool.DruidDataSource.init(DruidDataSource.java:938)
	at java.base/jdk.internal.reflect.DirectMethodHandleAccessor.invoke(DirectMethodHandleAccessor.java:103)
	at java.base/java.lang.reflect.Method.invoke(Method.java:580)
	at org.springframework.beans.factory.support.AbstractAutowireCapableBeanFactory.invokeCustomInitMethod(AbstractAutowireCapableBeanFactory.java:1916)
	at org.springframework.beans.factory.support.AbstractAutowireCapableBeanFactory.invokeInitMethods(AbstractAutowireCapableBeanFactory.java:1869)
	at org.springframework.beans.factory.support.AbstractAutowireCapableBeanFactory.initializeBean(AbstractAutowireCapableBeanFactory.java:1808)
	at org.springframework.beans.factory.support.AbstractAutowireCapableBeanFactory.doCreateBean(AbstractAutowireCapableBeanFactory.java:601)
	at org.springframework.beans.factory.support.AbstractAutowireCapableBeanFactory.createBean(AbstractAutowireCapableBeanFactory.java:523)
	at org.springframework.beans.factory.support.AbstractBeanFactory.lambda$doGetBean$0(AbstractBeanFactory.java:339)
	at org.springframework.beans.factory.support.DefaultSingletonBeanRegistry.getSingleton(DefaultSingletonBeanRegistry.java:346)
	at org.springframework.beans.factory.support.AbstractBeanFactory.doGetBean(AbstractBeanFactory.java:337)
	at org.springframework.beans.factory.support.AbstractBeanFactory.getBean(AbstractBeanFactory.java:202)
	at org.springframework.beans.factory.support.DefaultListableBeanFactory.doResolveDependency(DefaultListableBeanFactory.java:1606)
	at org.springframework.beans.factory.support.DefaultListableBeanFactory$DependencyObjectProvider.getIfUnique(DefaultListableBeanFactory.java:2467)
	at org.springframework.boot.autoconfigure.liquibase.LiquibaseAutoConfiguration$LiquibaseConfiguration.liquibase(LiquibaseAutoConfiguration.java:106)
	at java.base/jdk.internal.reflect.DirectMethodHandleAccessor.invoke(DirectMethodHandleAccessor.java:103)
	at java.base/java.lang.reflect.Method.invoke(Method.java:580)
	at org.springframework.beans.factory.support.SimpleInstantiationStrategy.lambda$instantiate$0(SimpleInstantiationStrategy.java:171)
	at org.springframework.beans.factory.support.SimpleInstantiationStrategy.instantiateWithFactoryMethod(SimpleInstantiationStrategy.java:88)
	at org.springframework.beans.factory.support.SimpleInstantiationStrategy.instantiate(SimpleInstantiationStrategy.java:168)
	at org.springframework.beans.factory.support.ConstructorResolver.instantiate(ConstructorResolver.java:653)
	at org.springframework.beans.factory.support.ConstructorResolver.instantiateUsingFactoryMethod(ConstructorResolver.java:645)
	at org.springframework.beans.factory.support.AbstractAutowireCapableBeanFactory.instantiateUsingFactoryMethod(AbstractAutowireCapableBeanFactory.java:1361)
	at org.springframework.beans.factory.support.AbstractAutowireCapableBeanFactory.createBeanInstance(AbstractAutowireCapableBeanFactory.java:1191)
	at org.springframework.beans.factory.support.AbstractAutowireCapableBeanFactory.doCreateBean(AbstractAutowireCapableBeanFactory.java:563)
	at org.springframework.beans.factory.support.AbstractAutowireCapableBeanFactory.createBean(AbstractAutowireCapableBeanFactory.java:523)
	at org.springframework.beans.factory.support.AbstractBeanFactory.lambda$doGetBean$0(AbstractBeanFactory.java:339)
	at org.springframework.beans.factory.support.DefaultSingletonBeanRegistry.getSingleton(DefaultSingletonBeanRegistry.java:346)
	at org.springframework.beans.factory.support.AbstractBeanFactory.doGetBean(AbstractBeanFactory.java:337)
	at org.springframework.beans.factory.support.AbstractBeanFactory.getBean(AbstractBeanFactory.java:202)
	at org.springframework.beans.factory.support.AbstractBeanFactory.doGetBean(AbstractBeanFactory.java:315)
	at org.springframework.beans.factory.support.AbstractBeanFactory.getBean(AbstractBeanFactory.java:202)
	at org.springframework.beans.factory.support.BeanDefinitionValueResolver.resolveReference(BeanDefinitionValueResolver.java:365)
	at org.springframework.beans.factory.support.BeanDefinitionValueResolver.resolveValueIfNecessary(BeanDefinitionValueResolver.java:135)
	at org.springframework.beans.factory.support.AbstractAutowireCapableBeanFactory.applyPropertyValues(AbstractAutowireCapableBeanFactory.java:1711)
	at org.springframework.beans.factory.support.AbstractAutowireCapableBeanFactory.populateBean(AbstractAutowireCapableBeanFactory.java:1460)
	at org.springframework.beans.factory.support.AbstractAutowireCapableBeanFactory.doCreateBean(AbstractAutowireCapableBeanFactory.java:600)
	at org.springframework.beans.factory.support.AbstractAutowireCapableBeanFactory.createBean(AbstractAutowireCapableBeanFactory.java:523)
	at org.springframework.beans.factory.support.AbstractBeanFactory.lambda$doGetBean$0(AbstractBeanFactory.java:339)
	at org.springframework.beans.factory.support.DefaultSingletonBeanRegistry.getSingleton(DefaultSingletonBeanRegistry.java:346)
	at org.springframework.beans.factory.support.AbstractBeanFactory.doGetBean(AbstractBeanFactory.java:337)
	at org.springframework.beans.factory.support.AbstractBeanFactory.getBean(AbstractBeanFactory.java:202)
	at org.springframework.beans.factory.config.DependencyDescriptor.resolveCandidate(DependencyDescriptor.java:254)
	at org.springframework.beans.factory.support.DefaultListableBeanFactory.doResolveDependency(DefaultListableBeanFactory.java:1664)
	at org.springframework.beans.factory.support.DefaultListableBeanFactory.resolveDependency(DefaultListableBeanFactory.java:1552)
	at org.springframework.beans.factory.annotation.AutowiredAnnotationBeanPostProcessor$AutowiredFieldElement.resolveFieldValue(AutowiredAnnotationBeanPostProcessor.java:785)
	at org.springframework.beans.factory.annotation.AutowiredAnnotationBeanPostProcessor$AutowiredFieldElement.inject(AutowiredAnnotationBeanPostProcessor.java:768)
	at org.springframework.beans.factory.annotation.InjectionMetadata.inject(InjectionMetadata.java:146)
	at org.springframework.beans.factory.annotation.AutowiredAnnotationBeanPostProcessor.postProcessProperties(AutowiredAnnotationBeanPostProcessor.java:509)
	at org.springframework.beans.factory.support.AbstractAutowireCapableBeanFactory.populateBean(AbstractAutowireCapableBeanFactory.java:1445)
	at org.springframework.beans.factory.support.AbstractAutowireCapableBeanFactory.doCreateBean(AbstractAutowireCapableBeanFactory.java:600)
	at org.springframework.beans.factory.support.AbstractAutowireCapableBeanFactory.createBean(AbstractAutowireCapableBeanFactory.java:523)
	at org.springframework.beans.factory.support.AbstractBeanFactory.lambda$doGetBean$0(AbstractBeanFactory.java:339)
	at org.springframework.beans.factory.support.DefaultSingletonBeanRegistry.getSingleton(DefaultSingletonBeanRegistry.java:346)
	at org.springframework.beans.factory.support.AbstractBeanFactory.doGetBean(AbstractBeanFactory.java:337)
	at org.springframework.beans.factory.support.AbstractBeanFactory.getBean(AbstractBeanFactory.java:202)
	at org.springframework.beans.factory.config.DependencyDescriptor.resolveCandidate(DependencyDescriptor.java:254)
	at org.springframework.beans.factory.support.DefaultListableBeanFactory.doResolveDependency(DefaultListableBeanFactory.java:1664)
	at org.springframework.beans.factory.support.DefaultListableBeanFactory.resolveDependency(DefaultListableBeanFactory.java:1552)
	at org.springframework.beans.factory.support.ConstructorResolver.resolveAutowiredArgument(ConstructorResolver.java:913)
	at org.springframework.beans.factory.support.ConstructorResolver.createArgumentArray(ConstructorResolver.java:791)
	at org.springframework.beans.factory.support.ConstructorResolver.instantiateUsingFactoryMethod(ConstructorResolver.java:546)
	at org.springframework.beans.factory.support.AbstractAutowireCapableBeanFactory.instantiateUsingFactoryMethod(AbstractAutowireCapableBeanFactory.java:1361)
	at org.springframework.beans.factory.support.AbstractAutowireCapableBeanFactory.createBeanInstance(AbstractAutowireCapableBeanFactory.java:1191)
	at org.springframework.beans.factory.support.AbstractAutowireCapableBeanFactory.getSingletonFactoryBeanForTypeCheck(AbstractAutowireCapableBeanFactory.java:1020)
	at org.springframework.beans.factory.support.AbstractAutowireCapableBeanFactory.getTypeForFactoryBean(AbstractAutowireCapableBeanFactory.java:910)
	at org.springframework.beans.factory.support.AbstractBeanFactory.isTypeMatch(AbstractBeanFactory.java:665)
	at org.springframework.beans.factory.support.DefaultListableBeanFactory.doGetBeanNamesForType(DefaultListableBeanFactory.java:631)
	at org.springframework.beans.factory.support.DefaultListableBeanFactory.getBeanNamesForType(DefaultListableBeanFactory.java:590)
	at org.springframework.beans.factory.BeanFactoryUtils.beanNamesForTypeIncludingAncestors(BeanFactoryUtils.java:264)
	at org.springframework.beans.factory.support.DefaultListableBeanFactory.findAutowireCandidates(DefaultListableBeanFactory.java:1864)
	at org.springframework.beans.factory.support.DefaultListableBeanFactory.resolveMultipleBeans(DefaultListableBeanFactory.java:1697)
	at org.springframework.beans.factory.support.DefaultListableBeanFactory.doResolveDependency(DefaultListableBeanFactory.java:1613)
	at org.springframework.beans.factory.support.DefaultListableBeanFactory$DependencyObjectProvider.resolveStream(DefaultListableBeanFactory.java:2512)
	at org.springframework.beans.factory.support.DefaultListableBeanFactory$DependencyObjectProvider.orderedStream(DefaultListableBeanFactory.java:2506)
	at org.springframework.boot.autoconfigure.validation.ValidationAutoConfiguration.methodValidationPostProcessor(ValidationAutoConfiguration.java:73)
	at java.base/jdk.internal.reflect.DirectMethodHandleAccessor.invoke(DirectMethodHandleAccessor.java:103)
	at java.base/java.lang.reflect.Method.invoke(Method.java:580)
	at org.springframework.beans.factory.support.SimpleInstantiationStrategy.lambda$instantiate$0(SimpleInstantiationStrategy.java:171)
	at org.springframework.beans.factory.support.SimpleInstantiationStrategy.instantiateWithFactoryMethod(SimpleInstantiationStrategy.java:88)
	at org.springframework.beans.factory.support.SimpleInstantiationStrategy.instantiate(SimpleInstantiationStrategy.java:168)
	at org.springframework.beans.factory.support.ConstructorResolver.instantiate(ConstructorResolver.java:653)
	at org.springframework.beans.factory.support.ConstructorResolver.instantiateUsingFactoryMethod(ConstructorResolver.java:645)
	at org.springframework.beans.factory.support.AbstractAutowireCapableBeanFactory.instantiateUsingFactoryMethod(AbstractAutowireCapableBeanFactory.java:1361)
	at org.springframework.beans.factory.support.AbstractAutowireCapableBeanFactory.createBeanInstance(AbstractAutowireCapableBeanFactory.java:1191)
	at org.springframework.beans.factory.support.AbstractAutowireCapableBeanFactory.doCreateBean(AbstractAutowireCapableBeanFactory.java:563)
	at org.springframework.beans.factory.support.AbstractAutowireCapableBeanFactory.createBean(AbstractAutowireCapableBeanFactory.java:523)
	at org.springframework.beans.factory.support.AbstractBeanFactory.lambda$doGetBean$0(AbstractBeanFactory.java:339)
	at org.springframework.beans.factory.support.DefaultSingletonBeanRegistry.getSingleton(DefaultSingletonBeanRegistry.java:346)
	at org.springframework.beans.factory.support.AbstractBeanFactory.doGetBean(AbstractBeanFactory.java:337)
	at org.springframework.beans.factory.support.AbstractBeanFactory.getBean(AbstractBeanFactory.java:207)
	at org.springframework.context.support.PostProcessorRegistrationDelegate.registerBeanPostProcessors(PostProcessorRegistrationDelegate.java:265)
	at org.springframework.context.support.AbstractApplicationContext.registerBeanPostProcessors(AbstractApplicationContext.java:808)
	at org.springframework.context.support.AbstractApplicationContext.refresh(AbstractApplicationContext.java:611)
	at org.springframework.boot.web.servlet.context.ServletWebServerApplicationContext.refresh(ServletWebServerApplicationContext.java:146)
	at org.springframework.boot.SpringApplication.refresh(SpringApplication.java:752)
	at org.springframework.boot.SpringApplication.refreshContext(SpringApplication.java:439)
	at org.springframework.boot.SpringApplication.run(SpringApplication.java:318)
	at org.springframework.boot.SpringApplication.run(SpringApplication.java:1361)
	at org.springframework.boot.SpringApplication.run(SpringApplication.java:1350)
	at mdtg.AdminApplication.main(AdminApplication.java:10)
2026-02-25 16:56:43.252 [main] ERROR org.springframework.boot.SpringApplication - Application run failed
org.springframework.beans.factory.BeanCreationException: Error creating bean with name 'methodValidationPostProcessor' defined in class path resource [org/springframework/boot/autoconfigure/validation/ValidationAutoConfiguration.class]: Failed to instantiate [org.springframework.validation.beanvalidation.MethodValidationPostProcessor]: Factory method 'methodValidationPostProcessor' threw exception with message: Error creating bean with name 'shiroFilter' defined in class path resource [mdtg/modules/security/config/ShiroConfig.class]: Unsatisfied dependency expressed through method 'shirFilter' parameter 1: Error creating bean with name 'sysParamsServiceImpl': Unsatisfied dependency expressed through field 'baseDao': Error creating bean with name 'sysParamsDao' defined in file [D:\workspace\WYwei\Java_\Java_21\manager-api\target\classes\mdtg\modules\sys\dao\SysParamsDao.class]: Cannot resolve reference to bean 'sqlSessionTemplate' while setting bean property 'sqlSessionTemplate'
	at org.springframework.beans.factory.support.ConstructorResolver.instantiate(ConstructorResolver.java:657)
	at org.springframework.beans.factory.support.ConstructorResolver.instantiateUsingFactoryMethod(ConstructorResolver.java:645)
	at org.springframework.beans.factory.support.AbstractAutowireCapableBeanFactory.instantiateUsingFactoryMethod(AbstractAutowireCapableBeanFactory.java:1361)
	at org.springframework.beans.factory.support.AbstractAutowireCapableBeanFactory.createBeanInstance(AbstractAutowireCapableBeanFactory.java:1191)
	at org.springframework.beans.factory.support.AbstractAutowireCapableBeanFactory.doCreateBean(AbstractAutowireCapableBeanFactory.java:563)
	at org.springframework.beans.factory.support.AbstractAutowireCapableBeanFactory.createBean(AbstractAutowireCapableBeanFactory.java:523)
	at org.springframework.beans.factory.support.AbstractBeanFactory.lambda$doGetBean$0(AbstractBeanFactory.java:339)
	at org.springframework.beans.factory.support.DefaultSingletonBeanRegistry.getSingleton(DefaultSingletonBeanRegistry.java:346)
	at org.springframework.beans.factory.support.AbstractBeanFactory.doGetBean(AbstractBeanFactory.java:337)
	at org.springframework.beans.factory.support.AbstractBeanFactory.getBean(AbstractBeanFactory.java:207)
	at org.springframework.context.support.PostProcessorRegistrationDelegate.registerBeanPostProcessors(PostProcessorRegistrationDelegate.java:265)
	at org.springframework.context.support.AbstractApplicationContext.registerBeanPostProcessors(AbstractApplicationContext.java:808)
	at org.springframework.context.support.AbstractApplicationContext.refresh(AbstractApplicationContext.java:611)
	at org.springframework.boot.web.servlet.context.ServletWebServerApplicationContext.refresh(ServletWebServerApplicationContext.java:146)
	at org.springframework.boot.SpringApplication.refresh(SpringApplication.java:752)
	at org.springframework.boot.SpringApplication.refreshContext(SpringApplication.java:439)
	at org.springframework.boot.SpringApplication.run(SpringApplication.java:318)
	at org.springframework.boot.SpringApplication.run(SpringApplication.java:1361)
	at org.springframework.boot.SpringApplication.run(SpringApplication.java:1350)
	at mdtg.AdminApplication.main(AdminApplication.java:10)
Caused by: org.springframework.beans.BeanInstantiationException: Failed to instantiate [org.springframework.validation.beanvalidation.MethodValidationPostProcessor]: Factory method 'methodValidationPostProcessor' threw exception with message: Error creating bean with name 'shiroFilter' defined in class path resource [mdtg/modules/security/config/ShiroConfig.class]: Unsatisfied dependency expressed through method 'shirFilter' parameter 1: Error creating bean with name 'sysParamsServiceImpl': Unsatisfied dependency expressed through field 'baseDao': Error creating bean with name 'sysParamsDao' defined in file [D:\workspace\WYwei\Java_\Java_21\manager-api\target\classes\mdtg\modules\sys\dao\SysParamsDao.class]: Cannot resolve reference to bean 'sqlSessionTemplate' while setting bean property 'sqlSessionTemplate'
	at org.springframework.beans.factory.support.SimpleInstantiationStrategy.lambda$instantiate$0(SimpleInstantiationStrategy.java:199)
	at org.springframework.beans.factory.support.SimpleInstantiationStrategy.instantiateWithFactoryMethod(SimpleInstantiationStrategy.java:88)
	at org.springframework.beans.factory.support.SimpleInstantiationStrategy.instantiate(SimpleInstantiationStrategy.java:168)
	at org.springframework.beans.factory.support.ConstructorResolver.instantiate(ConstructorResolver.java:653)
	... 19 common frames omitted
Caused by: org.springframework.beans.factory.UnsatisfiedDependencyException: Error creating bean with name 'shiroFilter' defined in class path resource [mdtg/modules/security/config/ShiroConfig.class]: Unsatisfied dependency expressed through method 'shirFilter' parameter 1: Error creating bean with name 'sysParamsServiceImpl': Unsatisfied dependency expressed through field 'baseDao': Error creating bean with name 'sysParamsDao' defined in file [D:\workspace\WYwei\Java_\Java_21\manager-api\target\classes\mdtg\modules\sys\dao\SysParamsDao.class]: Cannot resolve reference to bean 'sqlSessionTemplate' while setting bean property 'sqlSessionTemplate'
	at org.springframework.beans.factory.support.ConstructorResolver.createArgumentArray(ConstructorResolver.java:804)
	at org.springframework.beans.factory.support.ConstructorResolver.instantiateUsingFactoryMethod(ConstructorResolver.java:546)
	at org.springframework.beans.factory.support.AbstractAutowireCapableBeanFactory.instantiateUsingFactoryMethod(AbstractAutowireCapableBeanFactory.java:1361)
	at org.springframework.beans.factory.support.AbstractAutowireCapableBeanFactory.createBeanInstance(AbstractAutowireCapableBeanFactory.java:1191)
	at org.springframework.beans.factory.support.AbstractAutowireCapableBeanFactory.getSingletonFactoryBeanForTypeCheck(AbstractAutowireCapableBeanFactory.java:1020)
	at org.springframework.beans.factory.support.AbstractAutowireCapableBeanFactory.getTypeForFactoryBean(AbstractAutowireCapableBeanFactory.java:910)
	at org.springframework.beans.factory.support.AbstractBeanFactory.isTypeMatch(AbstractBeanFactory.java:665)
	at org.springframework.beans.factory.support.DefaultListableBeanFactory.doGetBeanNamesForType(DefaultListableBeanFactory.java:631)
	at org.springframework.beans.factory.support.DefaultListableBeanFactory.getBeanNamesForType(DefaultListableBeanFactory.java:590)
	at org.springframework.beans.factory.BeanFactoryUtils.beanNamesForTypeIncludingAncestors(BeanFactoryUtils.java:264)
	at org.springframework.beans.factory.support.DefaultListableBeanFactory.findAutowireCandidates(DefaultListableBeanFactory.java:1864)
	at org.springframework.beans.factory.support.DefaultListableBeanFactory.resolveMultipleBeans(DefaultListableBeanFactory.java:1697)
	at org.springframework.beans.factory.support.DefaultListableBeanFactory.doResolveDependency(DefaultListableBeanFactory.java:1613)
	at org.springframework.beans.factory.support.DefaultListableBeanFactory$DependencyObjectProvider.resolveStream(DefaultListableBeanFactory.java:2512)
	at org.springframework.beans.factory.support.DefaultListableBeanFactory$DependencyObjectProvider.orderedStream(DefaultListableBeanFactory.java:2506)
	at org.springframework.boot.autoconfigure.validation.ValidationAutoConfiguration.methodValidationPostProcessor(ValidationAutoConfiguration.java:73)
	at java.base/jdk.internal.reflect.DirectMethodHandleAccessor.invoke(DirectMethodHandleAccessor.java:103)
	at java.base/java.lang.reflect.Method.invoke(Method.java:580)
	at org.springframework.beans.factory.support.SimpleInstantiationStrategy.lambda$instantiate$0(SimpleInstantiationStrategy.java:171)
	... 22 common frames omitted
Caused by: org.springframework.beans.factory.UnsatisfiedDependencyException: Error creating bean with name 'sysParamsServiceImpl': Unsatisfied dependency expressed through field 'baseDao': Error creating bean with name 'sysParamsDao' defined in file [D:\workspace\WYwei\Java_\Java_21\manager-api\target\classes\mdtg\modules\sys\dao\SysParamsDao.class]: Cannot resolve reference to bean 'sqlSessionTemplate' while setting bean property 'sqlSessionTemplate'
	at org.springframework.beans.factory.annotation.AutowiredAnnotationBeanPostProcessor$AutowiredFieldElement.resolveFieldValue(AutowiredAnnotationBeanPostProcessor.java:788)
	at org.springframework.beans.factory.annotation.AutowiredAnnotationBeanPostProcessor$AutowiredFieldElement.inject(AutowiredAnnotationBeanPostProcessor.java:768)
	at org.springframework.beans.factory.annotation.InjectionMetadata.inject(InjectionMetadata.java:146)
	at org.springframework.beans.factory.annotation.AutowiredAnnotationBeanPostProcessor.postProcessProperties(AutowiredAnnotationBeanPostProcessor.java:509)
	at org.springframework.beans.factory.support.AbstractAutowireCapableBeanFactory.populateBean(AbstractAutowireCapableBeanFactory.java:1445)
	at org.springframework.beans.factory.support.AbstractAutowireCapableBeanFactory.doCreateBean(AbstractAutowireCapableBeanFactory.java:600)
	at org.springframework.beans.factory.support.AbstractAutowireCapableBeanFactory.createBean(AbstractAutowireCapableBeanFactory.java:523)
	at org.springframework.beans.factory.support.AbstractBeanFactory.lambda$doGetBean$0(AbstractBeanFactory.java:339)
	at org.springframework.beans.factory.support.DefaultSingletonBeanRegistry.getSingleton(DefaultSingletonBeanRegistry.java:346)
	at org.springframework.beans.factory.support.AbstractBeanFactory.doGetBean(AbstractBeanFactory.java:337)
	at org.springframework.beans.factory.support.AbstractBeanFactory.getBean(AbstractBeanFactory.java:202)
	at org.springframework.beans.factory.config.DependencyDescriptor.resolveCandidate(DependencyDescriptor.java:254)
	at org.springframework.beans.factory.support.DefaultListableBeanFactory.doResolveDependency(DefaultListableBeanFactory.java:1664)
	at org.springframework.beans.factory.support.DefaultListableBeanFactory.resolveDependency(DefaultListableBeanFactory.java:1552)
	at org.springframework.beans.factory.support.ConstructorResolver.resolveAutowiredArgument(ConstructorResolver.java:913)
	at org.springframework.beans.factory.support.ConstructorResolver.createArgumentArray(ConstructorResolver.java:791)
	... 40 common frames omitted
Caused by: org.springframework.beans.factory.BeanCreationException: Error creating bean with name 'sysParamsDao' defined in file [D:\workspace\WYwei\Java_\Java_21\manager-api\target\classes\mdtg\modules\sys\dao\SysParamsDao.class]: Cannot resolve reference to bean 'sqlSessionTemplate' while setting bean property 'sqlSessionTemplate'
	at org.springframework.beans.factory.support.BeanDefinitionValueResolver.resolveReference(BeanDefinitionValueResolver.java:377)
	at org.springframework.beans.factory.support.BeanDefinitionValueResolver.resolveValueIfNecessary(BeanDefinitionValueResolver.java:135)
	at org.springframework.beans.factory.support.AbstractAutowireCapableBeanFactory.applyPropertyValues(AbstractAutowireCapableBeanFactory.java:1711)
	at org.springframework.beans.factory.support.AbstractAutowireCapableBeanFactory.populateBean(AbstractAutowireCapableBeanFactory.java:1460)
	at org.springframework.beans.factory.support.AbstractAutowireCapableBeanFactory.doCreateBean(AbstractAutowireCapableBeanFactory.java:600)
	at org.springframework.beans.factory.support.AbstractAutowireCapableBeanFactory.createBean(AbstractAutowireCapableBeanFactory.java:523)
	at org.springframework.beans.factory.support.AbstractBeanFactory.lambda$doGetBean$0(AbstractBeanFactory.java:339)
	at org.springframework.beans.factory.support.DefaultSingletonBeanRegistry.getSingleton(DefaultSingletonBeanRegistry.java:346)
	at org.springframework.beans.factory.support.AbstractBeanFactory.doGetBean(AbstractBeanFactory.java:337)
	at org.springframework.beans.factory.support.AbstractBeanFactory.getBean(AbstractBeanFactory.java:202)
	at org.springframework.beans.factory.config.DependencyDescriptor.resolveCandidate(DependencyDescriptor.java:254)
	at org.springframework.beans.factory.support.DefaultListableBeanFactory.doResolveDependency(DefaultListableBeanFactory.java:1664)
	at org.springframework.beans.factory.support.DefaultListableBeanFactory.resolveDependency(DefaultListableBeanFactory.java:1552)
	at org.springframework.beans.factory.annotation.AutowiredAnnotationBeanPostProcessor$AutowiredFieldElement.resolveFieldValue(AutowiredAnnotationBeanPostProcessor.java:785)
	... 55 common frames omitted
Caused by: org.springframework.beans.factory.BeanCreationException: Error creating bean with name 'liquibase' defined in class path resource [org/springframework/boot/autoconfigure/liquibase/LiquibaseAutoConfiguration$LiquibaseConfiguration.class]: Failed to instantiate [liquibase.integration.spring.SpringLiquibase]: Factory method 'liquibase' threw exception with message: Error creating bean with name 'dataSource' defined in class path resource [com/alibaba/druid/spring/boot3/autoconfigure/DruidDataSourceAutoConfigure.class]: Access denied for user 'mdtg'@'%' to database 'xiaozhi_esp32_server'
	at org.springframework.beans.factory.support.ConstructorResolver.instantiate(ConstructorResolver.java:657)
	at org.springframework.beans.factory.support.ConstructorResolver.instantiateUsingFactoryMethod(ConstructorResolver.java:645)
	at org.springframework.beans.factory.support.AbstractAutowireCapableBeanFactory.instantiateUsingFactoryMethod(AbstractAutowireCapableBeanFactory.java:1361)
	at org.springframework.beans.factory.support.AbstractAutowireCapableBeanFactory.createBeanInstance(AbstractAutowireCapableBeanFactory.java:1191)
	at org.springframework.beans.factory.support.AbstractAutowireCapableBeanFactory.doCreateBean(AbstractAutowireCapableBeanFactory.java:563)
	at org.springframework.beans.factory.support.AbstractAutowireCapableBeanFactory.createBean(AbstractAutowireCapableBeanFactory.java:523)
	at org.springframework.beans.factory.support.AbstractBeanFactory.lambda$doGetBean$0(AbstractBeanFactory.java:339)
	at org.springframework.beans.factory.support.DefaultSingletonBeanRegistry.getSingleton(DefaultSingletonBeanRegistry.java:346)
	at org.springframework.beans.factory.support.AbstractBeanFactory.doGetBean(AbstractBeanFactory.java:337)
	at org.springframework.beans.factory.support.AbstractBeanFactory.getBean(AbstractBeanFactory.java:202)
	at org.springframework.beans.factory.support.AbstractBeanFactory.doGetBean(AbstractBeanFactory.java:315)
	at org.springframework.beans.factory.support.AbstractBeanFactory.getBean(AbstractBeanFactory.java:202)
	at org.springframework.beans.factory.support.BeanDefinitionValueResolver.resolveReference(BeanDefinitionValueResolver.java:365)
	... 68 common frames omitted
Caused by: org.springframework.beans.BeanInstantiationException: Failed to instantiate [liquibase.integration.spring.SpringLiquibase]: Factory method 'liquibase' threw exception with message: Error creating bean with name 'dataSource' defined in class path resource [com/alibaba/druid/spring/boot3/autoconfigure/DruidDataSourceAutoConfigure.class]: Access denied for user 'mdtg'@'%' to database 'xiaozhi_esp32_server'
	at org.springframework.beans.factory.support.SimpleInstantiationStrategy.lambda$instantiate$0(SimpleInstantiationStrategy.java:199)
	at org.springframework.beans.factory.support.SimpleInstantiationStrategy.instantiateWithFactoryMethod(SimpleInstantiationStrategy.java:88)
	at org.springframework.beans.factory.support.SimpleInstantiationStrategy.instantiate(SimpleInstantiationStrategy.java:168)
	at org.springframework.beans.factory.support.ConstructorResolver.instantiate(ConstructorResolver.java:653)
	... 80 common frames omitted
Caused by: org.springframework.beans.factory.BeanCreationException: Error creating bean with name 'dataSource' defined in class path resource [com/alibaba/druid/spring/boot3/autoconfigure/DruidDataSourceAutoConfigure.class]: Access denied for user 'mdtg'@'%' to database 'xiaozhi_esp32_server'
	at org.springframework.beans.factory.support.AbstractAutowireCapableBeanFactory.initializeBean(AbstractAutowireCapableBeanFactory.java:1812)
	at org.springframework.beans.factory.support.AbstractAutowireCapableBeanFactory.doCreateBean(AbstractAutowireCapableBeanFactory.java:601)
	at org.springframework.beans.factory.support.AbstractAutowireCapableBeanFactory.createBean(AbstractAutowireCapableBeanFactory.java:523)
	at org.springframework.beans.factory.support.AbstractBeanFactory.lambda$doGetBean$0(AbstractBeanFactory.java:339)
	at org.springframework.beans.factory.support.DefaultSingletonBeanRegistry.getSingleton(DefaultSingletonBeanRegistry.java:346)
	at org.springframework.beans.factory.support.AbstractBeanFactory.doGetBean(AbstractBeanFactory.java:337)
	at org.springframework.beans.factory.support.AbstractBeanFactory.getBean(AbstractBeanFactory.java:202)
	at org.springframework.beans.factory.support.DefaultListableBeanFactory.doResolveDependency(DefaultListableBeanFactory.java:1606)
	at org.springframework.beans.factory.support.DefaultListableBeanFactory$DependencyObjectProvider.getIfUnique(DefaultListableBeanFactory.java:2467)
	at org.springframework.boot.autoconfigure.liquibase.LiquibaseAutoConfiguration$LiquibaseConfiguration.liquibase(LiquibaseAutoConfiguration.java:106)
	at java.base/jdk.internal.reflect.DirectMethodHandleAccessor.invoke(DirectMethodHandleAccessor.java:103)
	at java.base/java.lang.reflect.Method.invoke(Method.java:580)
	at org.springframework.beans.factory.support.SimpleInstantiationStrategy.lambda$instantiate$0(SimpleInstantiationStrategy.java:171)
	... 83 common frames omitted
Caused by: java.sql.SQLSyntaxErrorException: Access denied for user 'mdtg'@'%' to database 'xiaozhi_esp32_server'
	at com.mysql.cj.jdbc.exceptions.SQLError.createSQLException(SQLError.java:112)
	at com.mysql.cj.jdbc.exceptions.SQLExceptionsMapping.translateException(SQLExceptionsMapping.java:114)
	at com.mysql.cj.jdbc.ConnectionImpl.createNewIO(ConnectionImpl.java:837)
	at com.mysql.cj.jdbc.ConnectionImpl.<init>(ConnectionImpl.java:420)
	at com.mysql.cj.jdbc.ConnectionImpl.getInstance(ConnectionImpl.java:238)
	at com.mysql.cj.jdbc.NonRegisteringDriver.connect(NonRegisteringDriver.java:180)
	at com.alibaba.druid.pool.DruidAbstractDataSource.createPhysicalConnection(DruidAbstractDataSource.java:1703)
	at com.alibaba.druid.pool.DruidAbstractDataSource.createPhysicalConnection(DruidAbstractDataSource.java:1801)
	at com.alibaba.druid.pool.DruidDataSource.init(DruidDataSource.java:938)
	at java.base/jdk.internal.reflect.DirectMethodHandleAccessor.invoke(DirectMethodHandleAccessor.java:103)
	at java.base/java.lang.reflect.Method.invoke(Method.java:580)
	at org.springframework.beans.factory.support.AbstractAutowireCapableBeanFactory.invokeCustomInitMethod(AbstractAutowireCapableBeanFactory.java:1916)
	at org.springframework.beans.factory.support.AbstractAutowireCapableBeanFactory.invokeInitMethods(AbstractAutowireCapableBeanFactory.java:1869)
	at org.springframework.beans.factory.support.AbstractAutowireCapableBeanFactory.initializeBean(AbstractAutowireCapableBeanFactory.java:1808)
	... 95 common frames omitted
2026-02-25 16:56:43.254 [Druid-ConnectionPool-Create-1535684464] ERROR com.alibaba.druid.pool.DruidDataSource - create connection SQLException, url: jdbc:mysql://47.101.196.164:3306/xiaozhi_esp32_server?useUnicode=true&characterEncoding=UTF-8&serverTimezone=Asia/Shanghai&nullCatalogMeansCurrent=true, errorCode 1044, state 42000
java.sql.SQLSyntaxErrorException: Access denied for user 'mdtg'@'%' to database 'xiaozhi_esp32_server'
	at com.mysql.cj.jdbc.exceptions.SQLError.createSQLException(SQLError.java:112)
	at com.mysql.cj.jdbc.exceptions.SQLExceptionsMapping.translateException(SQLExceptionsMapping.java:114)
	at com.mysql.cj.jdbc.ConnectionImpl.createNewIO(ConnectionImpl.java:837)
	at com.mysql.cj.jdbc.ConnectionImpl.<init>(ConnectionImpl.java:420)
	at com.mysql.cj.jdbc.ConnectionImpl.getInstance(ConnectionImpl.java:238)
	at com.mysql.cj.jdbc.NonRegisteringDriver.connect(NonRegisteringDriver.java:180)
	at com.alibaba.druid.pool.DruidAbstractDataSource.createPhysicalConnection(DruidAbstractDataSource.java:1703)
	at com.alibaba.druid.pool.DruidAbstractDataSource.createPhysicalConnection(DruidAbstractDataSource.java:1801)
	at com.alibaba.druid.pool.DruidDataSource$CreateConnectionThread.run(DruidDataSource.java:2946)
2026-02-25 16:56:43.302 [Druid-ConnectionPool-Create-1535684464] ERROR com.alibaba.druid.pool.DruidDataSource - create connection SQLException, url: jdbc:mysql://47.101.196.164:3306/xiaozhi_esp32_server?useUnicode=true&characterEncoding=UTF-8&serverTimezone=Asia/Shanghai&nullCatalogMeansCurrent=true, errorCode 1044, state 42000
java.sql.SQLSyntaxErrorException: Access denied for user 'mdtg'@'%' to database 'xiaozhi_esp32_server'
	at com.mysql.cj.jdbc.exceptions.SQLError.createSQLException(SQLError.java:112)
	at com.mysql.cj.jdbc.exceptions.SQLExceptionsMapping.translateException(SQLExceptionsMapping.java:114)
	at com.mysql.cj.jdbc.ConnectionImpl.createNewIO(ConnectionImpl.java:837)
	at com.mysql.cj.jdbc.ConnectionImpl.<init>(ConnectionImpl.java:420)
	at com.mysql.cj.jdbc.ConnectionImpl.getInstance(ConnectionImpl.java:238)
	at com.mysql.cj.jdbc.NonRegisteringDriver.connect(NonRegisteringDriver.java:180)
	at com.alibaba.druid.pool.DruidAbstractDataSource.createPhysicalConnection(DruidAbstractDataSource.java:1703)
	at com.alibaba.druid.pool.DruidAbstractDataSource.createPhysicalConnection(DruidAbstractDataSource.java:1801)
	at com.alibaba.druid.pool.DruidDataSource$CreateConnectionThread.run(DruidDataSource.java:2946)
2026-02-25 16:56:43.878 [Druid-ConnectionPool-Create-1535684464] ERROR com.alibaba.druid.pool.DruidDataSource - create connection SQLException, url: jdbc:mysql://47.101.196.164:3306/xiaozhi_esp32_server?useUnicode=true&characterEncoding=UTF-8&serverTimezone=Asia/Shanghai&nullCatalogMeansCurrent=true, errorCode 1044, state 42000
java.sql.SQLSyntaxErrorException: Access denied for user 'mdtg'@'%' to database 'xiaozhi_esp32_server'
	at com.mysql.cj.jdbc.exceptions.SQLError.createSQLException(SQLError.java:112)
	at com.mysql.cj.jdbc.exceptions.SQLExceptionsMapping.translateException(SQLExceptionsMapping.java:114)
	at com.mysql.cj.jdbc.ConnectionImpl.createNewIO(ConnectionImpl.java:837)
	at com.mysql.cj.jdbc.ConnectionImpl.<init>(ConnectionImpl.java:420)
	at com.mysql.cj.jdbc.ConnectionImpl.getInstance(ConnectionImpl.java:238)
	at com.mysql.cj.jdbc.NonRegisteringDriver.connect(NonRegisteringDriver.java:180)
	at com.alibaba.druid.pool.DruidAbstractDataSource.createPhysicalConnection(DruidAbstractDataSource.java:1703)
	at com.alibaba.druid.pool.DruidAbstractDataSource.createPhysicalConnection(DruidAbstractDataSource.java:1801)
	at com.alibaba.druid.pool.DruidDataSource$CreateConnectionThread.run(DruidDataSource.java:2946)
2026-02-25 16:57:31.187 [main] ERROR com.alibaba.druid.pool.DruidDataSource - init datasource error, url: jdbc:mysql://47.101.196.164:3306/mdtg_robot_server?useUnicode=true&characterEncoding=UTF-8&serverTimezone=Asia/Shanghai&nullCatalogMeansCurrent=true
java.sql.SQLSyntaxErrorException: Access denied for user 'mdtg'@'%' to database 'mdtg_robot_server'
	at com.mysql.cj.jdbc.exceptions.SQLError.createSQLException(SQLError.java:112)
	at com.mysql.cj.jdbc.exceptions.SQLExceptionsMapping.translateException(SQLExceptionsMapping.java:114)
	at com.mysql.cj.jdbc.ConnectionImpl.createNewIO(ConnectionImpl.java:837)
	at com.mysql.cj.jdbc.ConnectionImpl.<init>(ConnectionImpl.java:420)
	at com.mysql.cj.jdbc.ConnectionImpl.getInstance(ConnectionImpl.java:238)
	at com.mysql.cj.jdbc.NonRegisteringDriver.connect(NonRegisteringDriver.java:180)
	at com.alibaba.druid.pool.DruidAbstractDataSource.createPhysicalConnection(DruidAbstractDataSource.java:1703)
	at com.alibaba.druid.pool.DruidAbstractDataSource.createPhysicalConnection(DruidAbstractDataSource.java:1801)
	at com.alibaba.druid.pool.DruidDataSource.init(DruidDataSource.java:938)
	at java.base/jdk.internal.reflect.DirectMethodHandleAccessor.invoke(DirectMethodHandleAccessor.java:103)
	at java.base/java.lang.reflect.Method.invoke(Method.java:580)
	at org.springframework.beans.factory.support.AbstractAutowireCapableBeanFactory.invokeCustomInitMethod(AbstractAutowireCapableBeanFactory.java:1916)
	at org.springframework.beans.factory.support.AbstractAutowireCapableBeanFactory.invokeInitMethods(AbstractAutowireCapableBeanFactory.java:1869)
	at org.springframework.beans.factory.support.AbstractAutowireCapableBeanFactory.initializeBean(AbstractAutowireCapableBeanFactory.java:1808)
	at org.springframework.beans.factory.support.AbstractAutowireCapableBeanFactory.doCreateBean(AbstractAutowireCapableBeanFactory.java:601)
	at org.springframework.beans.factory.support.AbstractAutowireCapableBeanFactory.createBean(AbstractAutowireCapableBeanFactory.java:523)
	at org.springframework.beans.factory.support.AbstractBeanFactory.lambda$doGetBean$0(AbstractBeanFactory.java:339)
	at org.springframework.beans.factory.support.DefaultSingletonBeanRegistry.getSingleton(DefaultSingletonBeanRegistry.java:346)
	at org.springframework.beans.factory.support.AbstractBeanFactory.doGetBean(AbstractBeanFactory.java:337)
	at org.springframework.beans.factory.support.AbstractBeanFactory.getBean(AbstractBeanFactory.java:202)
	at org.springframework.beans.factory.support.DefaultListableBeanFactory.doResolveDependency(DefaultListableBeanFactory.java:1606)
	at org.springframework.beans.factory.support.DefaultListableBeanFactory$DependencyObjectProvider.getIfUnique(DefaultListableBeanFactory.java:2467)
	at org.springframework.boot.autoconfigure.liquibase.LiquibaseAutoConfiguration$LiquibaseConfiguration.liquibase(LiquibaseAutoConfiguration.java:106)
	at java.base/jdk.internal.reflect.DirectMethodHandleAccessor.invoke(DirectMethodHandleAccessor.java:103)
	at java.base/java.lang.reflect.Method.invoke(Method.java:580)
	at org.springframework.beans.factory.support.SimpleInstantiationStrategy.lambda$instantiate$0(SimpleInstantiationStrategy.java:171)
	at org.springframework.beans.factory.support.SimpleInstantiationStrategy.instantiateWithFactoryMethod(SimpleInstantiationStrategy.java:88)
	at org.springframework.beans.factory.support.SimpleInstantiationStrategy.instantiate(SimpleInstantiationStrategy.java:168)
	at org.springframework.beans.factory.support.ConstructorResolver.instantiate(ConstructorResolver.java:653)
	at org.springframework.beans.factory.support.ConstructorResolver.instantiateUsingFactoryMethod(ConstructorResolver.java:645)
	at org.springframework.beans.factory.support.AbstractAutowireCapableBeanFactory.instantiateUsingFactoryMethod(AbstractAutowireCapableBeanFactory.java:1361)
	at org.springframework.beans.factory.support.AbstractAutowireCapableBeanFactory.createBeanInstance(AbstractAutowireCapableBeanFactory.java:1191)
	at org.springframework.beans.factory.support.AbstractAutowireCapableBeanFactory.doCreateBean(AbstractAutowireCapableBeanFactory.java:563)
	at org.springframework.beans.factory.support.AbstractAutowireCapableBeanFactory.createBean(AbstractAutowireCapableBeanFactory.java:523)
	at org.springframework.beans.factory.support.AbstractBeanFactory.lambda$doGetBean$0(AbstractBeanFactory.java:339)
	at org.springframework.beans.factory.support.DefaultSingletonBeanRegistry.getSingleton(DefaultSingletonBeanRegistry.java:346)
	at org.springframework.beans.factory.support.AbstractBeanFactory.doGetBean(AbstractBeanFactory.java:337)
	at org.springframework.beans.factory.support.AbstractBeanFactory.getBean(AbstractBeanFactory.java:202)
	at org.springframework.beans.factory.support.AbstractBeanFactory.doGetBean(AbstractBeanFactory.java:315)
	at org.springframework.beans.factory.support.AbstractBeanFactory.getBean(AbstractBeanFactory.java:202)
	at org.springframework.beans.factory.support.BeanDefinitionValueResolver.resolveReference(BeanDefinitionValueResolver.java:365)
	at org.springframework.beans.factory.support.BeanDefinitionValueResolver.resolveValueIfNecessary(BeanDefinitionValueResolver.java:135)
	at org.springframework.beans.factory.support.AbstractAutowireCapableBeanFactory.applyPropertyValues(AbstractAutowireCapableBeanFactory.java:1711)
	at org.springframework.beans.factory.support.AbstractAutowireCapableBeanFactory.populateBean(AbstractAutowireCapableBeanFactory.java:1460)
	at org.springframework.beans.factory.support.AbstractAutowireCapableBeanFactory.doCreateBean(AbstractAutowireCapableBeanFactory.java:600)
	at org.springframework.beans.factory.support.AbstractAutowireCapableBeanFactory.createBean(AbstractAutowireCapableBeanFactory.java:523)
	at org.springframework.beans.factory.support.AbstractBeanFactory.lambda$doGetBean$0(AbstractBeanFactory.java:339)
	at org.springframework.beans.factory.support.DefaultSingletonBeanRegistry.getSingleton(DefaultSingletonBeanRegistry.java:346)
	at org.springframework.beans.factory.support.AbstractBeanFactory.doGetBean(AbstractBeanFactory.java:337)
	at org.springframework.beans.factory.support.AbstractBeanFactory.getBean(AbstractBeanFactory.java:202)
	at org.springframework.beans.factory.config.DependencyDescriptor.resolveCandidate(DependencyDescriptor.java:254)
	at org.springframework.beans.factory.support.DefaultListableBeanFactory.doResolveDependency(DefaultListableBeanFactory.java:1664)
	at org.springframework.beans.factory.support.DefaultListableBeanFactory.resolveDependency(DefaultListableBeanFactory.java:1552)
	at org.springframework.beans.factory.annotation.AutowiredAnnotationBeanPostProcessor$AutowiredFieldElement.resolveFieldValue(AutowiredAnnotationBeanPostProcessor.java:785)
	at org.springframework.beans.factory.annotation.AutowiredAnnotationBeanPostProcessor$AutowiredFieldElement.inject(AutowiredAnnotationBeanPostProcessor.java:768)
	at org.springframework.beans.factory.annotation.InjectionMetadata.inject(InjectionMetadata.java:146)
	at org.springframework.beans.factory.annotation.AutowiredAnnotationBeanPostProcessor.postProcessProperties(AutowiredAnnotationBeanPostProcessor.java:509)
	at org.springframework.beans.factory.support.AbstractAutowireCapableBeanFactory.populateBean(AbstractAutowireCapableBeanFactory.java:1445)
	at org.springframework.beans.factory.support.AbstractAutowireCapableBeanFactory.doCreateBean(AbstractAutowireCapableBeanFactory.java:600)
	at org.springframework.beans.factory.support.AbstractAutowireCapableBeanFactory.createBean(AbstractAutowireCapableBeanFactory.java:523)
	at org.springframework.beans.factory.support.AbstractBeanFactory.lambda$doGetBean$0(AbstractBeanFactory.java:339)
	at org.springframework.beans.factory.support.DefaultSingletonBeanRegistry.getSingleton(DefaultSingletonBeanRegistry.java:346)
	at org.springframework.beans.factory.support.AbstractBeanFactory.doGetBean(AbstractBeanFactory.java:337)
	at org.springframework.beans.factory.support.AbstractBeanFactory.getBean(AbstractBeanFactory.java:202)
	at org.springframework.beans.factory.config.DependencyDescriptor.resolveCandidate(DependencyDescriptor.java:254)
	at org.springframework.beans.factory.support.DefaultListableBeanFactory.doResolveDependency(DefaultListableBeanFactory.java:1664)
	at org.springframework.beans.factory.support.DefaultListableBeanFactory.resolveDependency(DefaultListableBeanFactory.java:1552)
	at org.springframework.beans.factory.support.ConstructorResolver.resolveAutowiredArgument(ConstructorResolver.java:913)
	at org.springframework.beans.factory.support.ConstructorResolver.createArgumentArray(ConstructorResolver.java:791)
	at org.springframework.beans.factory.support.ConstructorResolver.instantiateUsingFactoryMethod(ConstructorResolver.java:546)
	at org.springframework.beans.factory.support.AbstractAutowireCapableBeanFactory.instantiateUsingFactoryMethod(AbstractAutowireCapableBeanFactory.java:1361)
	at org.springframework.beans.factory.support.AbstractAutowireCapableBeanFactory.createBeanInstance(AbstractAutowireCapableBeanFactory.java:1191)
	at org.springframework.beans.factory.support.AbstractAutowireCapableBeanFactory.getSingletonFactoryBeanForTypeCheck(AbstractAutowireCapableBeanFactory.java:1020)
	at org.springframework.beans.factory.support.AbstractAutowireCapableBeanFactory.getTypeForFactoryBean(AbstractAutowireCapableBeanFactory.java:910)
	at org.springframework.beans.factory.support.AbstractBeanFactory.isTypeMatch(AbstractBeanFactory.java:665)
	at org.springframework.beans.factory.support.DefaultListableBeanFactory.doGetBeanNamesForType(DefaultListableBeanFactory.java:631)
	at org.springframework.beans.factory.support.DefaultListableBeanFactory.getBeanNamesForType(DefaultListableBeanFactory.java:590)
	at org.springframework.beans.factory.BeanFactoryUtils.beanNamesForTypeIncludingAncestors(BeanFactoryUtils.java:264)
	at org.springframework.beans.factory.support.DefaultListableBeanFactory.findAutowireCandidates(DefaultListableBeanFactory.java:1864)
	at org.springframework.beans.factory.support.DefaultListableBeanFactory.resolveMultipleBeans(DefaultListableBeanFactory.java:1697)
	at org.springframework.beans.factory.support.DefaultListableBeanFactory.doResolveDependency(DefaultListableBeanFactory.java:1613)
	at org.springframework.beans.factory.support.DefaultListableBeanFactory$DependencyObjectProvider.resolveStream(DefaultListableBeanFactory.java:2512)
	at org.springframework.beans.factory.support.DefaultListableBeanFactory$DependencyObjectProvider.orderedStream(DefaultListableBeanFactory.java:2506)
	at org.springframework.boot.autoconfigure.validation.ValidationAutoConfiguration.methodValidationPostProcessor(ValidationAutoConfiguration.java:73)
	at java.base/jdk.internal.reflect.DirectMethodHandleAccessor.invoke(DirectMethodHandleAccessor.java:103)
	at java.base/java.lang.reflect.Method.invoke(Method.java:580)
	at org.springframework.beans.factory.support.SimpleInstantiationStrategy.lambda$instantiate$0(SimpleInstantiationStrategy.java:171)
	at org.springframework.beans.factory.support.SimpleInstantiationStrategy.instantiateWithFactoryMethod(SimpleInstantiationStrategy.java:88)
	at org.springframework.beans.factory.support.SimpleInstantiationStrategy.instantiate(SimpleInstantiationStrategy.java:168)
	at org.springframework.beans.factory.support.ConstructorResolver.instantiate(ConstructorResolver.java:653)
	at org.springframework.beans.factory.support.ConstructorResolver.instantiateUsingFactoryMethod(ConstructorResolver.java:645)
	at org.springframework.beans.factory.support.AbstractAutowireCapableBeanFactory.instantiateUsingFactoryMethod(AbstractAutowireCapableBeanFactory.java:1361)
	at org.springframework.beans.factory.support.AbstractAutowireCapableBeanFactory.createBeanInstance(AbstractAutowireCapableBeanFactory.java:1191)
	at org.springframework.beans.factory.support.AbstractAutowireCapableBeanFactory.doCreateBean(AbstractAutowireCapableBeanFactory.java:563)
	at org.springframework.beans.factory.support.AbstractAutowireCapableBeanFactory.createBean(AbstractAutowireCapableBeanFactory.java:523)
	at org.springframework.beans.factory.support.AbstractBeanFactory.lambda$doGetBean$0(AbstractBeanFactory.java:339)
	at org.springframework.beans.factory.support.DefaultSingletonBeanRegistry.getSingleton(DefaultSingletonBeanRegistry.java:346)
	at org.springframework.beans.factory.support.AbstractBeanFactory.doGetBean(AbstractBeanFactory.java:337)
	at org.springframework.beans.factory.support.AbstractBeanFactory.getBean(AbstractBeanFactory.java:207)
	at org.springframework.context.support.PostProcessorRegistrationDelegate.registerBeanPostProcessors(PostProcessorRegistrationDelegate.java:265)
	at org.springframework.context.support.AbstractApplicationContext.registerBeanPostProcessors(AbstractApplicationContext.java:808)
	at org.springframework.context.support.AbstractApplicationContext.refresh(AbstractApplicationContext.java:611)
	at org.springframework.boot.web.servlet.context.ServletWebServerApplicationContext.refresh(ServletWebServerApplicationContext.java:146)
	at org.springframework.boot.SpringApplication.refresh(SpringApplication.java:752)
	at org.springframework.boot.SpringApplication.refreshContext(SpringApplication.java:439)
	at org.springframework.boot.SpringApplication.run(SpringApplication.java:318)
	at org.springframework.boot.SpringApplication.run(SpringApplication.java:1361)
	at org.springframework.boot.SpringApplication.run(SpringApplication.java:1350)
	at mdtg.AdminApplication.main(AdminApplication.java:10)
2026-02-25 16:57:31.197 [main] ERROR com.alibaba.druid.pool.DruidDataSource - {dataSource-1} init error
java.sql.SQLSyntaxErrorException: Access denied for user 'mdtg'@'%' to database 'mdtg_robot_server'
	at com.mysql.cj.jdbc.exceptions.SQLError.createSQLException(SQLError.java:112)
	at com.mysql.cj.jdbc.exceptions.SQLExceptionsMapping.translateException(SQLExceptionsMapping.java:114)
	at com.mysql.cj.jdbc.ConnectionImpl.createNewIO(ConnectionImpl.java:837)
	at com.mysql.cj.jdbc.ConnectionImpl.<init>(ConnectionImpl.java:420)
	at com.mysql.cj.jdbc.ConnectionImpl.getInstance(ConnectionImpl.java:238)
	at com.mysql.cj.jdbc.NonRegisteringDriver.connect(NonRegisteringDriver.java:180)
	at com.alibaba.druid.pool.DruidAbstractDataSource.createPhysicalConnection(DruidAbstractDataSource.java:1703)
	at com.alibaba.druid.pool.DruidAbstractDataSource.createPhysicalConnection(DruidAbstractDataSource.java:1801)
	at com.alibaba.druid.pool.DruidDataSource.init(DruidDataSource.java:938)
	at java.base/jdk.internal.reflect.DirectMethodHandleAccessor.invoke(DirectMethodHandleAccessor.java:103)
	at java.base/java.lang.reflect.Method.invoke(Method.java:580)
	at org.springframework.beans.factory.support.AbstractAutowireCapableBeanFactory.invokeCustomInitMethod(AbstractAutowireCapableBeanFactory.java:1916)
	at org.springframework.beans.factory.support.AbstractAutowireCapableBeanFactory.invokeInitMethods(AbstractAutowireCapableBeanFactory.java:1869)
	at org.springframework.beans.factory.support.AbstractAutowireCapableBeanFactory.initializeBean(AbstractAutowireCapableBeanFactory.java:1808)
	at org.springframework.beans.factory.support.AbstractAutowireCapableBeanFactory.doCreateBean(AbstractAutowireCapableBeanFactory.java:601)
	at org.springframework.beans.factory.support.AbstractAutowireCapableBeanFactory.createBean(AbstractAutowireCapableBeanFactory.java:523)
	at org.springframework.beans.factory.support.AbstractBeanFactory.lambda$doGetBean$0(AbstractBeanFactory.java:339)
	at org.springframework.beans.factory.support.DefaultSingletonBeanRegistry.getSingleton(DefaultSingletonBeanRegistry.java:346)
	at org.springframework.beans.factory.support.AbstractBeanFactory.doGetBean(AbstractBeanFactory.java:337)
	at org.springframework.beans.factory.support.AbstractBeanFactory.getBean(AbstractBeanFactory.java:202)
	at org.springframework.beans.factory.support.DefaultListableBeanFactory.doResolveDependency(DefaultListableBeanFactory.java:1606)
	at org.springframework.beans.factory.support.DefaultListableBeanFactory$DependencyObjectProvider.getIfUnique(DefaultListableBeanFactory.java:2467)
	at org.springframework.boot.autoconfigure.liquibase.LiquibaseAutoConfiguration$LiquibaseConfiguration.liquibase(LiquibaseAutoConfiguration.java:106)
	at java.base/jdk.internal.reflect.DirectMethodHandleAccessor.invoke(DirectMethodHandleAccessor.java:103)
	at java.base/java.lang.reflect.Method.invoke(Method.java:580)
	at org.springframework.beans.factory.support.SimpleInstantiationStrategy.lambda$instantiate$0(SimpleInstantiationStrategy.java:171)
	at org.springframework.beans.factory.support.SimpleInstantiationStrategy.instantiateWithFactoryMethod(SimpleInstantiationStrategy.java:88)
	at org.springframework.beans.factory.support.SimpleInstantiationStrategy.instantiate(SimpleInstantiationStrategy.java:168)
	at org.springframework.beans.factory.support.ConstructorResolver.instantiate(ConstructorResolver.java:653)
	at org.springframework.beans.factory.support.ConstructorResolver.instantiateUsingFactoryMethod(ConstructorResolver.java:645)
	at org.springframework.beans.factory.support.AbstractAutowireCapableBeanFactory.instantiateUsingFactoryMethod(AbstractAutowireCapableBeanFactory.java:1361)
	at org.springframework.beans.factory.support.AbstractAutowireCapableBeanFactory.createBeanInstance(AbstractAutowireCapableBeanFactory.java:1191)
	at org.springframework.beans.factory.support.AbstractAutowireCapableBeanFactory.doCreateBean(AbstractAutowireCapableBeanFactory.java:563)
	at org.springframework.beans.factory.support.AbstractAutowireCapableBeanFactory.createBean(AbstractAutowireCapableBeanFactory.java:523)
	at org.springframework.beans.factory.support.AbstractBeanFactory.lambda$doGetBean$0(AbstractBeanFactory.java:339)
	at org.springframework.beans.factory.support.DefaultSingletonBeanRegistry.getSingleton(DefaultSingletonBeanRegistry.java:346)
	at org.springframework.beans.factory.support.AbstractBeanFactory.doGetBean(AbstractBeanFactory.java:337)
	at org.springframework.beans.factory.support.AbstractBeanFactory.getBean(AbstractBeanFactory.java:202)
	at org.springframework.beans.factory.support.AbstractBeanFactory.doGetBean(AbstractBeanFactory.java:315)
	at org.springframework.beans.factory.support.AbstractBeanFactory.getBean(AbstractBeanFactory.java:202)
	at org.springframework.beans.factory.support.BeanDefinitionValueResolver.resolveReference(BeanDefinitionValueResolver.java:365)
	at org.springframework.beans.factory.support.BeanDefinitionValueResolver.resolveValueIfNecessary(BeanDefinitionValueResolver.java:135)
	at org.springframework.beans.factory.support.AbstractAutowireCapableBeanFactory.applyPropertyValues(AbstractAutowireCapableBeanFactory.java:1711)
	at org.springframework.beans.factory.support.AbstractAutowireCapableBeanFactory.populateBean(AbstractAutowireCapableBeanFactory.java:1460)
	at org.springframework.beans.factory.support.AbstractAutowireCapableBeanFactory.doCreateBean(AbstractAutowireCapableBeanFactory.java:600)
	at org.springframework.beans.factory.support.AbstractAutowireCapableBeanFactory.createBean(AbstractAutowireCapableBeanFactory.java:523)
	at org.springframework.beans.factory.support.AbstractBeanFactory.lambda$doGetBean$0(AbstractBeanFactory.java:339)
	at org.springframework.beans.factory.support.DefaultSingletonBeanRegistry.getSingleton(DefaultSingletonBeanRegistry.java:346)
	at org.springframework.beans.factory.support.AbstractBeanFactory.doGetBean(AbstractBeanFactory.java:337)
	at org.springframework.beans.factory.support.AbstractBeanFactory.getBean(AbstractBeanFactory.java:202)
	at org.springframework.beans.factory.config.DependencyDescriptor.resolveCandidate(DependencyDescriptor.java:254)
	at org.springframework.beans.factory.support.DefaultListableBeanFactory.doResolveDependency(DefaultListableBeanFactory.java:1664)
	at org.springframework.beans.factory.support.DefaultListableBeanFactory.resolveDependency(DefaultListableBeanFactory.java:1552)
	at org.springframework.beans.factory.annotation.AutowiredAnnotationBeanPostProcessor$AutowiredFieldElement.resolveFieldValue(AutowiredAnnotationBeanPostProcessor.java:785)
	at org.springframework.beans.factory.annotation.AutowiredAnnotationBeanPostProcessor$AutowiredFieldElement.inject(AutowiredAnnotationBeanPostProcessor.java:768)
	at org.springframework.beans.factory.annotation.InjectionMetadata.inject(InjectionMetadata.java:146)
	at org.springframework.beans.factory.annotation.AutowiredAnnotationBeanPostProcessor.postProcessProperties(AutowiredAnnotationBeanPostProcessor.java:509)
	at org.springframework.beans.factory.support.AbstractAutowireCapableBeanFactory.populateBean(AbstractAutowireCapableBeanFactory.java:1445)
	at org.springframework.beans.factory.support.AbstractAutowireCapableBeanFactory.doCreateBean(AbstractAutowireCapableBeanFactory.java:600)
	at org.springframework.beans.factory.support.AbstractAutowireCapableBeanFactory.createBean(AbstractAutowireCapableBeanFactory.java:523)
	at org.springframework.beans.factory.support.AbstractBeanFactory.lambda$doGetBean$0(AbstractBeanFactory.java:339)
	at org.springframework.beans.factory.support.DefaultSingletonBeanRegistry.getSingleton(DefaultSingletonBeanRegistry.java:346)
	at org.springframework.beans.factory.support.AbstractBeanFactory.doGetBean(AbstractBeanFactory.java:337)
	at org.springframework.beans.factory.support.AbstractBeanFactory.getBean(AbstractBeanFactory.java:202)
	at org.springframework.beans.factory.config.DependencyDescriptor.resolveCandidate(DependencyDescriptor.java:254)
	at org.springframework.beans.factory.support.DefaultListableBeanFactory.doResolveDependency(DefaultListableBeanFactory.java:1664)
	at org.springframework.beans.factory.support.DefaultListableBeanFactory.resolveDependency(DefaultListableBeanFactory.java:1552)
	at org.springframework.beans.factory.support.ConstructorResolver.resolveAutowiredArgument(ConstructorResolver.java:913)
	at org.springframework.beans.factory.support.ConstructorResolver.createArgumentArray(ConstructorResolver.java:791)
	at org.springframework.beans.factory.support.ConstructorResolver.instantiateUsingFactoryMethod(ConstructorResolver.java:546)
	at org.springframework.beans.factory.support.AbstractAutowireCapableBeanFactory.instantiateUsingFactoryMethod(AbstractAutowireCapableBeanFactory.java:1361)
	at org.springframework.beans.factory.support.AbstractAutowireCapableBeanFactory.createBeanInstance(AbstractAutowireCapableBeanFactory.java:1191)
	at org.springframework.beans.factory.support.AbstractAutowireCapableBeanFactory.getSingletonFactoryBeanForTypeCheck(AbstractAutowireCapableBeanFactory.java:1020)
	at org.springframework.beans.factory.support.AbstractAutowireCapableBeanFactory.getTypeForFactoryBean(AbstractAutowireCapableBeanFactory.java:910)
	at org.springframework.beans.factory.support.AbstractBeanFactory.isTypeMatch(AbstractBeanFactory.java:665)
	at org.springframework.beans.factory.support.DefaultListableBeanFactory.doGetBeanNamesForType(DefaultListableBeanFactory.java:631)
	at org.springframework.beans.factory.support.DefaultListableBeanFactory.getBeanNamesForType(DefaultListableBeanFactory.java:590)
	at org.springframework.beans.factory.BeanFactoryUtils.beanNamesForTypeIncludingAncestors(BeanFactoryUtils.java:264)
	at org.springframework.beans.factory.support.DefaultListableBeanFactory.findAutowireCandidates(DefaultListableBeanFactory.java:1864)
	at org.springframework.beans.factory.support.DefaultListableBeanFactory.resolveMultipleBeans(DefaultListableBeanFactory.java:1697)
	at org.springframework.beans.factory.support.DefaultListableBeanFactory.doResolveDependency(DefaultListableBeanFactory.java:1613)
	at org.springframework.beans.factory.support.DefaultListableBeanFactory$DependencyObjectProvider.resolveStream(DefaultListableBeanFactory.java:2512)
	at org.springframework.beans.factory.support.DefaultListableBeanFactory$DependencyObjectProvider.orderedStream(DefaultListableBeanFactory.java:2506)
	at org.springframework.boot.autoconfigure.validation.ValidationAutoConfiguration.methodValidationPostProcessor(ValidationAutoConfiguration.java:73)
	at java.base/jdk.internal.reflect.DirectMethodHandleAccessor.invoke(DirectMethodHandleAccessor.java:103)
	at java.base/java.lang.reflect.Method.invoke(Method.java:580)
	at org.springframework.beans.factory.support.SimpleInstantiationStrategy.lambda$instantiate$0(SimpleInstantiationStrategy.java:171)
	at org.springframework.beans.factory.support.SimpleInstantiationStrategy.instantiateWithFactoryMethod(SimpleInstantiationStrategy.java:88)
	at org.springframework.beans.factory.support.SimpleInstantiationStrategy.instantiate(SimpleInstantiationStrategy.java:168)
	at org.springframework.beans.factory.support.ConstructorResolver.instantiate(ConstructorResolver.java:653)
	at org.springframework.beans.factory.support.ConstructorResolver.instantiateUsingFactoryMethod(ConstructorResolver.java:645)
	at org.springframework.beans.factory.support.AbstractAutowireCapableBeanFactory.instantiateUsingFactoryMethod(AbstractAutowireCapableBeanFactory.java:1361)
	at org.springframework.beans.factory.support.AbstractAutowireCapableBeanFactory.createBeanInstance(AbstractAutowireCapableBeanFactory.java:1191)
	at org.springframework.beans.factory.support.AbstractAutowireCapableBeanFactory.doCreateBean(AbstractAutowireCapableBeanFactory.java:563)
	at org.springframework.beans.factory.support.AbstractAutowireCapableBeanFactory.createBean(AbstractAutowireCapableBeanFactory.java:523)
	at org.springframework.beans.factory.support.AbstractBeanFactory.lambda$doGetBean$0(AbstractBeanFactory.java:339)
	at org.springframework.beans.factory.support.DefaultSingletonBeanRegistry.getSingleton(DefaultSingletonBeanRegistry.java:346)
	at org.springframework.beans.factory.support.AbstractBeanFactory.doGetBean(AbstractBeanFactory.java:337)
	at org.springframework.beans.factory.support.AbstractBeanFactory.getBean(AbstractBeanFactory.java:207)
	at org.springframework.context.support.PostProcessorRegistrationDelegate.registerBeanPostProcessors(PostProcessorRegistrationDelegate.java:265)
	at org.springframework.context.support.AbstractApplicationContext.registerBeanPostProcessors(AbstractApplicationContext.java:808)
	at org.springframework.context.support.AbstractApplicationContext.refresh(AbstractApplicationContext.java:611)
	at org.springframework.boot.web.servlet.context.ServletWebServerApplicationContext.refresh(ServletWebServerApplicationContext.java:146)
	at org.springframework.boot.SpringApplication.refresh(SpringApplication.java:752)
	at org.springframework.boot.SpringApplication.refreshContext(SpringApplication.java:439)
	at org.springframework.boot.SpringApplication.run(SpringApplication.java:318)
	at org.springframework.boot.SpringApplication.run(SpringApplication.java:1361)
	at org.springframework.boot.SpringApplication.run(SpringApplication.java:1350)
	at mdtg.AdminApplication.main(AdminApplication.java:10)
2026-02-25 16:57:31.236 [main] ERROR org.springframework.boot.SpringApplication - Application run failed
org.springframework.beans.factory.BeanCreationException: Error creating bean with name 'methodValidationPostProcessor' defined in class path resource [org/springframework/boot/autoconfigure/validation/ValidationAutoConfiguration.class]: Failed to instantiate [org.springframework.validation.beanvalidation.MethodValidationPostProcessor]: Factory method 'methodValidationPostProcessor' threw exception with message: Error creating bean with name 'shiroFilter' defined in class path resource [mdtg/modules/security/config/ShiroConfig.class]: Unsatisfied dependency expressed through method 'shirFilter' parameter 1: Error creating bean with name 'sysParamsServiceImpl': Unsatisfied dependency expressed through field 'baseDao': Error creating bean with name 'sysParamsDao' defined in file [D:\workspace\WYwei\Java_\Java_21\manager-api\target\classes\mdtg\modules\sys\dao\SysParamsDao.class]: Cannot resolve reference to bean 'sqlSessionTemplate' while setting bean property 'sqlSessionTemplate'
	at org.springframework.beans.factory.support.ConstructorResolver.instantiate(ConstructorResolver.java:657)
	at org.springframework.beans.factory.support.ConstructorResolver.instantiateUsingFactoryMethod(ConstructorResolver.java:645)
	at org.springframework.beans.factory.support.AbstractAutowireCapableBeanFactory.instantiateUsingFactoryMethod(AbstractAutowireCapableBeanFactory.java:1361)
	at org.springframework.beans.factory.support.AbstractAutowireCapableBeanFactory.createBeanInstance(AbstractAutowireCapableBeanFactory.java:1191)
	at org.springframework.beans.factory.support.AbstractAutowireCapableBeanFactory.doCreateBean(AbstractAutowireCapableBeanFactory.java:563)
	at org.springframework.beans.factory.support.AbstractAutowireCapableBeanFactory.createBean(AbstractAutowireCapableBeanFactory.java:523)
	at org.springframework.beans.factory.support.AbstractBeanFactory.lambda$doGetBean$0(AbstractBeanFactory.java:339)
	at org.springframework.beans.factory.support.DefaultSingletonBeanRegistry.getSingleton(DefaultSingletonBeanRegistry.java:346)
	at org.springframework.beans.factory.support.AbstractBeanFactory.doGetBean(AbstractBeanFactory.java:337)
	at org.springframework.beans.factory.support.AbstractBeanFactory.getBean(AbstractBeanFactory.java:207)
	at org.springframework.context.support.PostProcessorRegistrationDelegate.registerBeanPostProcessors(PostProcessorRegistrationDelegate.java:265)
	at org.springframework.context.support.AbstractApplicationContext.registerBeanPostProcessors(AbstractApplicationContext.java:808)
	at org.springframework.context.support.AbstractApplicationContext.refresh(AbstractApplicationContext.java:611)
	at org.springframework.boot.web.servlet.context.ServletWebServerApplicationContext.refresh(ServletWebServerApplicationContext.java:146)
	at org.springframework.boot.SpringApplication.refresh(SpringApplication.java:752)
	at org.springframework.boot.SpringApplication.refreshContext(SpringApplication.java:439)
	at org.springframework.boot.SpringApplication.run(SpringApplication.java:318)
	at org.springframework.boot.SpringApplication.run(SpringApplication.java:1361)
	at org.springframework.boot.SpringApplication.run(SpringApplication.java:1350)
	at mdtg.AdminApplication.main(AdminApplication.java:10)
Caused by: org.springframework.beans.BeanInstantiationException: Failed to instantiate [org.springframework.validation.beanvalidation.MethodValidationPostProcessor]: Factory method 'methodValidationPostProcessor' threw exception with message: Error creating bean with name 'shiroFilter' defined in class path resource [mdtg/modules/security/config/ShiroConfig.class]: Unsatisfied dependency expressed through method 'shirFilter' parameter 1: Error creating bean with name 'sysParamsServiceImpl': Unsatisfied dependency expressed through field 'baseDao': Error creating bean with name 'sysParamsDao' defined in file [D:\workspace\WYwei\Java_\Java_21\manager-api\target\classes\mdtg\modules\sys\dao\SysParamsDao.class]: Cannot resolve reference to bean 'sqlSessionTemplate' while setting bean property 'sqlSessionTemplate'
	at org.springframework.beans.factory.support.SimpleInstantiationStrategy.lambda$instantiate$0(SimpleInstantiationStrategy.java:199)
	at org.springframework.beans.factory.support.SimpleInstantiationStrategy.instantiateWithFactoryMethod(SimpleInstantiationStrategy.java:88)
	at org.springframework.beans.factory.support.SimpleInstantiationStrategy.instantiate(SimpleInstantiationStrategy.java:168)
	at org.springframework.beans.factory.support.ConstructorResolver.instantiate(ConstructorResolver.java:653)
	... 19 common frames omitted
Caused by: org.springframework.beans.factory.UnsatisfiedDependencyException: Error creating bean with name 'shiroFilter' defined in class path resource [mdtg/modules/security/config/ShiroConfig.class]: Unsatisfied dependency expressed through method 'shirFilter' parameter 1: Error creating bean with name 'sysParamsServiceImpl': Unsatisfied dependency expressed through field 'baseDao': Error creating bean with name 'sysParamsDao' defined in file [D:\workspace\WYwei\Java_\Java_21\manager-api\target\classes\mdtg\modules\sys\dao\SysParamsDao.class]: Cannot resolve reference to bean 'sqlSessionTemplate' while setting bean property 'sqlSessionTemplate'
	at org.springframework.beans.factory.support.ConstructorResolver.createArgumentArray(ConstructorResolver.java:804)
	at org.springframework.beans.factory.support.ConstructorResolver.instantiateUsingFactoryMethod(ConstructorResolver.java:546)
	at org.springframework.beans.factory.support.AbstractAutowireCapableBeanFactory.instantiateUsingFactoryMethod(AbstractAutowireCapableBeanFactory.java:1361)
	at org.springframework.beans.factory.support.AbstractAutowireCapableBeanFactory.createBeanInstance(AbstractAutowireCapableBeanFactory.java:1191)
	at org.springframework.beans.factory.support.AbstractAutowireCapableBeanFactory.getSingletonFactoryBeanForTypeCheck(AbstractAutowireCapableBeanFactory.java:1020)
	at org.springframework.beans.factory.support.AbstractAutowireCapableBeanFactory.getTypeForFactoryBean(AbstractAutowireCapableBeanFactory.java:910)
	at org.springframework.beans.factory.support.AbstractBeanFactory.isTypeMatch(AbstractBeanFactory.java:665)
	at org.springframework.beans.factory.support.DefaultListableBeanFactory.doGetBeanNamesForType(DefaultListableBeanFactory.java:631)
	at org.springframework.beans.factory.support.DefaultListableBeanFactory.getBeanNamesForType(DefaultListableBeanFactory.java:590)
	at org.springframework.beans.factory.BeanFactoryUtils.beanNamesForTypeIncludingAncestors(BeanFactoryUtils.java:264)
	at org.springframework.beans.factory.support.DefaultListableBeanFactory.findAutowireCandidates(DefaultListableBeanFactory.java:1864)
	at org.springframework.beans.factory.support.DefaultListableBeanFactory.resolveMultipleBeans(DefaultListableBeanFactory.java:1697)
	at org.springframework.beans.factory.support.DefaultListableBeanFactory.doResolveDependency(DefaultListableBeanFactory.java:1613)
	at org.springframework.beans.factory.support.DefaultListableBeanFactory$DependencyObjectProvider.resolveStream(DefaultListableBeanFactory.java:2512)
	at org.springframework.beans.factory.support.DefaultListableBeanFactory$DependencyObjectProvider.orderedStream(DefaultListableBeanFactory.java:2506)
	at org.springframework.boot.autoconfigure.validation.ValidationAutoConfiguration.methodValidationPostProcessor(ValidationAutoConfiguration.java:73)
	at java.base/jdk.internal.reflect.DirectMethodHandleAccessor.invoke(DirectMethodHandleAccessor.java:103)
	at java.base/java.lang.reflect.Method.invoke(Method.java:580)
	at org.springframework.beans.factory.support.SimpleInstantiationStrategy.lambda$instantiate$0(SimpleInstantiationStrategy.java:171)
	... 22 common frames omitted
Caused by: org.springframework.beans.factory.UnsatisfiedDependencyException: Error creating bean with name 'sysParamsServiceImpl': Unsatisfied dependency expressed through field 'baseDao': Error creating bean with name 'sysParamsDao' defined in file [D:\workspace\WYwei\Java_\Java_21\manager-api\target\classes\mdtg\modules\sys\dao\SysParamsDao.class]: Cannot resolve reference to bean 'sqlSessionTemplate' while setting bean property 'sqlSessionTemplate'
	at org.springframework.beans.factory.annotation.AutowiredAnnotationBeanPostProcessor$AutowiredFieldElement.resolveFieldValue(AutowiredAnnotationBeanPostProcessor.java:788)
	at org.springframework.beans.factory.annotation.AutowiredAnnotationBeanPostProcessor$AutowiredFieldElement.inject(AutowiredAnnotationBeanPostProcessor.java:768)
	at org.springframework.beans.factory.annotation.InjectionMetadata.inject(InjectionMetadata.java:146)
	at org.springframework.beans.factory.annotation.AutowiredAnnotationBeanPostProcessor.postProcessProperties(AutowiredAnnotationBeanPostProcessor.java:509)
	at org.springframework.beans.factory.support.AbstractAutowireCapableBeanFactory.populateBean(AbstractAutowireCapableBeanFactory.java:1445)
	at org.springframework.beans.factory.support.AbstractAutowireCapableBeanFactory.doCreateBean(AbstractAutowireCapableBeanFactory.java:600)
	at org.springframework.beans.factory.support.AbstractAutowireCapableBeanFactory.createBean(AbstractAutowireCapableBeanFactory.java:523)
	at org.springframework.beans.factory.support.AbstractBeanFactory.lambda$doGetBean$0(AbstractBeanFactory.java:339)
	at org.springframework.beans.factory.support.DefaultSingletonBeanRegistry.getSingleton(DefaultSingletonBeanRegistry.java:346)
	at org.springframework.beans.factory.support.AbstractBeanFactory.doGetBean(AbstractBeanFactory.java:337)
	at org.springframework.beans.factory.support.AbstractBeanFactory.getBean(AbstractBeanFactory.java:202)
	at org.springframework.beans.factory.config.DependencyDescriptor.resolveCandidate(DependencyDescriptor.java:254)
	at org.springframework.beans.factory.support.DefaultListableBeanFactory.doResolveDependency(DefaultListableBeanFactory.java:1664)
	at org.springframework.beans.factory.support.DefaultListableBeanFactory.resolveDependency(DefaultListableBeanFactory.java:1552)
	at org.springframework.beans.factory.support.ConstructorResolver.resolveAutowiredArgument(ConstructorResolver.java:913)
	at org.springframework.beans.factory.support.ConstructorResolver.createArgumentArray(ConstructorResolver.java:791)
	... 40 common frames omitted
Caused by: org.springframework.beans.factory.BeanCreationException: Error creating bean with name 'sysParamsDao' defined in file [D:\workspace\WYwei\Java_\Java_21\manager-api\target\classes\mdtg\modules\sys\dao\SysParamsDao.class]: Cannot resolve reference to bean 'sqlSessionTemplate' while setting bean property 'sqlSessionTemplate'
	at org.springframework.beans.factory.support.BeanDefinitionValueResolver.resolveReference(BeanDefinitionValueResolver.java:377)
	at org.springframework.beans.factory.support.BeanDefinitionValueResolver.resolveValueIfNecessary(BeanDefinitionValueResolver.java:135)
	at org.springframework.beans.factory.support.AbstractAutowireCapableBeanFactory.applyPropertyValues(AbstractAutowireCapableBeanFactory.java:1711)
	at org.springframework.beans.factory.support.AbstractAutowireCapableBeanFactory.populateBean(AbstractAutowireCapableBeanFactory.java:1460)
	at org.springframework.beans.factory.support.AbstractAutowireCapableBeanFactory.doCreateBean(AbstractAutowireCapableBeanFactory.java:600)
	at org.springframework.beans.factory.support.AbstractAutowireCapableBeanFactory.createBean(AbstractAutowireCapableBeanFactory.java:523)
	at org.springframework.beans.factory.support.AbstractBeanFactory.lambda$doGetBean$0(AbstractBeanFactory.java:339)
	at org.springframework.beans.factory.support.DefaultSingletonBeanRegistry.getSingleton(DefaultSingletonBeanRegistry.java:346)
	at org.springframework.beans.factory.support.AbstractBeanFactory.doGetBean(AbstractBeanFactory.java:337)
	at org.springframework.beans.factory.support.AbstractBeanFactory.getBean(AbstractBeanFactory.java:202)
	at org.springframework.beans.factory.config.DependencyDescriptor.resolveCandidate(DependencyDescriptor.java:254)
	at org.springframework.beans.factory.support.DefaultListableBeanFactory.doResolveDependency(DefaultListableBeanFactory.java:1664)
	at org.springframework.beans.factory.support.DefaultListableBeanFactory.resolveDependency(DefaultListableBeanFactory.java:1552)
	at org.springframework.beans.factory.annotation.AutowiredAnnotationBeanPostProcessor$AutowiredFieldElement.resolveFieldValue(AutowiredAnnotationBeanPostProcessor.java:785)
	... 55 common frames omitted
Caused by: org.springframework.beans.factory.BeanCreationException: Error creating bean with name 'liquibase' defined in class path resource [org/springframework/boot/autoconfigure/liquibase/LiquibaseAutoConfiguration$LiquibaseConfiguration.class]: Failed to instantiate [liquibase.integration.spring.SpringLiquibase]: Factory method 'liquibase' threw exception with message: Error creating bean with name 'dataSource' defined in class path resource [com/alibaba/druid/spring/boot3/autoconfigure/DruidDataSourceAutoConfigure.class]: Access denied for user 'mdtg'@'%' to database 'mdtg_robot_server'
	at org.springframework.beans.factory.support.ConstructorResolver.instantiate(ConstructorResolver.java:657)
	at org.springframework.beans.factory.support.ConstructorResolver.instantiateUsingFactoryMethod(ConstructorResolver.java:645)
	at org.springframework.beans.factory.support.AbstractAutowireCapableBeanFactory.instantiateUsingFactoryMethod(AbstractAutowireCapableBeanFactory.java:1361)
	at org.springframework.beans.factory.support.AbstractAutowireCapableBeanFactory.createBeanInstance(AbstractAutowireCapableBeanFactory.java:1191)
	at org.springframework.beans.factory.support.AbstractAutowireCapableBeanFactory.doCreateBean(AbstractAutowireCapableBeanFactory.java:563)
	at org.springframework.beans.factory.support.AbstractAutowireCapableBeanFactory.createBean(AbstractAutowireCapableBeanFactory.java:523)
	at org.springframework.beans.factory.support.AbstractBeanFactory.lambda$doGetBean$0(AbstractBeanFactory.java:339)
	at org.springframework.beans.factory.support.DefaultSingletonBeanRegistry.getSingleton(DefaultSingletonBeanRegistry.java:346)
	at org.springframework.beans.factory.support.AbstractBeanFactory.doGetBean(AbstractBeanFactory.java:337)
	at org.springframework.beans.factory.support.AbstractBeanFactory.getBean(AbstractBeanFactory.java:202)
	at org.springframework.beans.factory.support.AbstractBeanFactory.doGetBean(AbstractBeanFactory.java:315)
	at org.springframework.beans.factory.support.AbstractBeanFactory.getBean(AbstractBeanFactory.java:202)
	at org.springframework.beans.factory.support.BeanDefinitionValueResolver.resolveReference(BeanDefinitionValueResolver.java:365)
	... 68 common frames omitted
Caused by: org.springframework.beans.BeanInstantiationException: Failed to instantiate [liquibase.integration.spring.SpringLiquibase]: Factory method 'liquibase' threw exception with message: Error creating bean with name 'dataSource' defined in class path resource [com/alibaba/druid/spring/boot3/autoconfigure/DruidDataSourceAutoConfigure.class]: Access denied for user 'mdtg'@'%' to database 'mdtg_robot_server'
	at org.springframework.beans.factory.support.SimpleInstantiationStrategy.lambda$instantiate$0(SimpleInstantiationStrategy.java:199)
	at org.springframework.beans.factory.support.SimpleInstantiationStrategy.instantiateWithFactoryMethod(SimpleInstantiationStrategy.java:88)
	at org.springframework.beans.factory.support.SimpleInstantiationStrategy.instantiate(SimpleInstantiationStrategy.java:168)
	at org.springframework.beans.factory.support.ConstructorResolver.instantiate(ConstructorResolver.java:653)
	... 80 common frames omitted
Caused by: org.springframework.beans.factory.BeanCreationException: Error creating bean with name 'dataSource' defined in class path resource [com/alibaba/druid/spring/boot3/autoconfigure/DruidDataSourceAutoConfigure.class]: Access denied for user 'mdtg'@'%' to database 'mdtg_robot_server'
	at org.springframework.beans.factory.support.AbstractAutowireCapableBeanFactory.initializeBean(AbstractAutowireCapableBeanFactory.java:1812)
	at org.springframework.beans.factory.support.AbstractAutowireCapableBeanFactory.doCreateBean(AbstractAutowireCapableBeanFactory.java:601)
	at org.springframework.beans.factory.support.AbstractAutowireCapableBeanFactory.createBean(AbstractAutowireCapableBeanFactory.java:523)
	at org.springframework.beans.factory.support.AbstractBeanFactory.lambda$doGetBean$0(AbstractBeanFactory.java:339)
	at org.springframework.beans.factory.support.DefaultSingletonBeanRegistry.getSingleton(DefaultSingletonBeanRegistry.java:346)
	at org.springframework.beans.factory.support.AbstractBeanFactory.doGetBean(AbstractBeanFactory.java:337)
	at org.springframework.beans.factory.support.AbstractBeanFactory.getBean(AbstractBeanFactory.java:202)
	at org.springframework.beans.factory.support.DefaultListableBeanFactory.doResolveDependency(DefaultListableBeanFactory.java:1606)
	at org.springframework.beans.factory.support.DefaultListableBeanFactory$DependencyObjectProvider.getIfUnique(DefaultListableBeanFactory.java:2467)
	at org.springframework.boot.autoconfigure.liquibase.LiquibaseAutoConfiguration$LiquibaseConfiguration.liquibase(LiquibaseAutoConfiguration.java:106)
	at java.base/jdk.internal.reflect.DirectMethodHandleAccessor.invoke(DirectMethodHandleAccessor.java:103)
	at java.base/java.lang.reflect.Method.invoke(Method.java:580)
	at org.springframework.beans.factory.support.SimpleInstantiationStrategy.lambda$instantiate$0(SimpleInstantiationStrategy.java:171)
	... 83 common frames omitted
Caused by: java.sql.SQLSyntaxErrorException: Access denied for user 'mdtg'@'%' to database 'mdtg_robot_server'
	at com.mysql.cj.jdbc.exceptions.SQLError.createSQLException(SQLError.java:112)
	at com.mysql.cj.jdbc.exceptions.SQLExceptionsMapping.translateException(SQLExceptionsMapping.java:114)
	at com.mysql.cj.jdbc.ConnectionImpl.createNewIO(ConnectionImpl.java:837)
	at com.mysql.cj.jdbc.ConnectionImpl.<init>(ConnectionImpl.java:420)
	at com.mysql.cj.jdbc.ConnectionImpl.getInstance(ConnectionImpl.java:238)
	at com.mysql.cj.jdbc.NonRegisteringDriver.connect(NonRegisteringDriver.java:180)
	at com.alibaba.druid.pool.DruidAbstractDataSource.createPhysicalConnection(DruidAbstractDataSource.java:1703)
	at com.alibaba.druid.pool.DruidAbstractDataSource.createPhysicalConnection(DruidAbstractDataSource.java:1801)
	at com.alibaba.druid.pool.DruidDataSource.init(DruidDataSource.java:938)
	at java.base/jdk.internal.reflect.DirectMethodHandleAccessor.invoke(DirectMethodHandleAccessor.java:103)
	at java.base/java.lang.reflect.Method.invoke(Method.java:580)
	at org.springframework.beans.factory.support.AbstractAutowireCapableBeanFactory.invokeCustomInitMethod(AbstractAutowireCapableBeanFactory.java:1916)
	at org.springframework.beans.factory.support.AbstractAutowireCapableBeanFactory.invokeInitMethods(AbstractAutowireCapableBeanFactory.java:1869)
	at org.springframework.beans.factory.support.AbstractAutowireCapableBeanFactory.initializeBean(AbstractAutowireCapableBeanFactory.java:1808)
	... 95 common frames omitted
2026-02-25 16:57:31.245 [Druid-ConnectionPool-Create-1967400458] ERROR com.alibaba.druid.pool.DruidDataSource - create connection SQLException, url: jdbc:mysql://47.101.196.164:3306/mdtg_robot_server?useUnicode=true&characterEncoding=UTF-8&serverTimezone=Asia/Shanghai&nullCatalogMeansCurrent=true, errorCode 1044, state 42000
java.sql.SQLSyntaxErrorException: Access denied for user 'mdtg'@'%' to database 'mdtg_robot_server'
	at com.mysql.cj.jdbc.exceptions.SQLError.createSQLException(SQLError.java:112)
	at com.mysql.cj.jdbc.exceptions.SQLExceptionsMapping.translateException(SQLExceptionsMapping.java:114)
	at com.mysql.cj.jdbc.ConnectionImpl.createNewIO(ConnectionImpl.java:837)
	at com.mysql.cj.jdbc.ConnectionImpl.<init>(ConnectionImpl.java:420)
	at com.mysql.cj.jdbc.ConnectionImpl.getInstance(ConnectionImpl.java:238)
	at com.mysql.cj.jdbc.NonRegisteringDriver.connect(NonRegisteringDriver.java:180)
	at com.alibaba.druid.pool.DruidAbstractDataSource.createPhysicalConnection(DruidAbstractDataSource.java:1703)
	at com.alibaba.druid.pool.DruidAbstractDataSource.createPhysicalConnection(DruidAbstractDataSource.java:1801)
	at com.alibaba.druid.pool.DruidDataSource$CreateConnectionThread.run(DruidDataSource.java:2946)
2026-02-25 16:57:31.288 [Druid-ConnectionPool-Create-1967400458] ERROR com.alibaba.druid.pool.DruidDataSource - create connection SQLException, url: jdbc:mysql://47.101.196.164:3306/mdtg_robot_server?useUnicode=true&characterEncoding=UTF-8&serverTimezone=Asia/Shanghai&nullCatalogMeansCurrent=true, errorCode 1044, state 42000
java.sql.SQLSyntaxErrorException: Access denied for user 'mdtg'@'%' to database 'mdtg_robot_server'
	at com.mysql.cj.jdbc.exceptions.SQLError.createSQLException(SQLError.java:112)
	at com.mysql.cj.jdbc.exceptions.SQLExceptionsMapping.translateException(SQLExceptionsMapping.java:114)
	at com.mysql.cj.jdbc.ConnectionImpl.createNewIO(ConnectionImpl.java:837)
	at com.mysql.cj.jdbc.ConnectionImpl.<init>(ConnectionImpl.java:420)
	at com.mysql.cj.jdbc.ConnectionImpl.getInstance(ConnectionImpl.java:238)
	at com.mysql.cj.jdbc.NonRegisteringDriver.connect(NonRegisteringDriver.java:180)
	at com.alibaba.druid.pool.DruidAbstractDataSource.createPhysicalConnection(DruidAbstractDataSource.java:1703)
	at com.alibaba.druid.pool.DruidAbstractDataSource.createPhysicalConnection(DruidAbstractDataSource.java:1801)
	at com.alibaba.druid.pool.DruidDataSource$CreateConnectionThread.run(DruidDataSource.java:2946)
2026-02-25 16:57:31.850 [Druid-ConnectionPool-Create-1967400458] ERROR com.alibaba.druid.pool.DruidDataSource - create connection SQLException, url: jdbc:mysql://47.101.196.164:3306/mdtg_robot_server?useUnicode=true&characterEncoding=UTF-8&serverTimezone=Asia/Shanghai&nullCatalogMeansCurrent=true, errorCode 1044, state 42000
java.sql.SQLSyntaxErrorException: Access denied for user 'mdtg'@'%' to database 'mdtg_robot_server'
	at com.mysql.cj.jdbc.exceptions.SQLError.createSQLException(SQLError.java:112)
	at com.mysql.cj.jdbc.exceptions.SQLExceptionsMapping.translateException(SQLExceptionsMapping.java:114)
	at com.mysql.cj.jdbc.ConnectionImpl.createNewIO(ConnectionImpl.java:837)
	at com.mysql.cj.jdbc.ConnectionImpl.<init>(ConnectionImpl.java:420)
	at com.mysql.cj.jdbc.ConnectionImpl.getInstance(ConnectionImpl.java:238)
	at com.mysql.cj.jdbc.NonRegisteringDriver.connect(NonRegisteringDriver.java:180)
	at com.alibaba.druid.pool.DruidAbstractDataSource.createPhysicalConnection(DruidAbstractDataSource.java:1703)
	at com.alibaba.druid.pool.DruidAbstractDataSource.createPhysicalConnection(DruidAbstractDataSource.java:1801)
	at com.alibaba.druid.pool.DruidDataSource$CreateConnectionThread.run(DruidDataSource.java:2946)
2026-02-25 16:59:10.732 [main] ERROR org.springframework.boot.SpringApplication - Application run failed
org.springframework.beans.factory.BeanCreationException: Error creating bean with name 'methodValidationPostProcessor' defined in class path resource [org/springframework/boot/autoconfigure/validation/ValidationAutoConfiguration.class]: Failed to instantiate [org.springframework.validation.beanvalidation.MethodValidationPostProcessor]: Factory method 'methodValidationPostProcessor' threw exception with message: Error creating bean with name 'shiroFilter' defined in class path resource [mdtg/modules/security/config/ShiroConfig.class]: Unsatisfied dependency expressed through method 'shirFilter' parameter 1: Error creating bean with name 'sysParamsServiceImpl': Unsatisfied dependency expressed through field 'baseDao': Error creating bean with name 'sysParamsDao' defined in file [D:\workspace\WYwei\Java_\Java_21\manager-api\target\classes\mdtg\modules\sys\dao\SysParamsDao.class]: Cannot resolve reference to bean 'sqlSessionTemplate' while setting bean property 'sqlSessionTemplate'
	at org.springframework.beans.factory.support.ConstructorResolver.instantiate(ConstructorResolver.java:657)
	at org.springframework.beans.factory.support.ConstructorResolver.instantiateUsingFactoryMethod(ConstructorResolver.java:645)
	at org.springframework.beans.factory.support.AbstractAutowireCapableBeanFactory.instantiateUsingFactoryMethod(AbstractAutowireCapableBeanFactory.java:1361)
	at org.springframework.beans.factory.support.AbstractAutowireCapableBeanFactory.createBeanInstance(AbstractAutowireCapableBeanFactory.java:1191)
	at org.springframework.beans.factory.support.AbstractAutowireCapableBeanFactory.doCreateBean(AbstractAutowireCapableBeanFactory.java:563)
	at org.springframework.beans.factory.support.AbstractAutowireCapableBeanFactory.createBean(AbstractAutowireCapableBeanFactory.java:523)
	at org.springframework.beans.factory.support.AbstractBeanFactory.lambda$doGetBean$0(AbstractBeanFactory.java:339)
	at org.springframework.beans.factory.support.DefaultSingletonBeanRegistry.getSingleton(DefaultSingletonBeanRegistry.java:346)
	at org.springframework.beans.factory.support.AbstractBeanFactory.doGetBean(AbstractBeanFactory.java:337)
	at org.springframework.beans.factory.support.AbstractBeanFactory.getBean(AbstractBeanFactory.java:207)
	at org.springframework.context.support.PostProcessorRegistrationDelegate.registerBeanPostProcessors(PostProcessorRegistrationDelegate.java:265)
	at org.springframework.context.support.AbstractApplicationContext.registerBeanPostProcessors(AbstractApplicationContext.java:808)
	at org.springframework.context.support.AbstractApplicationContext.refresh(AbstractApplicationContext.java:611)
	at org.springframework.boot.web.servlet.context.ServletWebServerApplicationContext.refresh(ServletWebServerApplicationContext.java:146)
	at org.springframework.boot.SpringApplication.refresh(SpringApplication.java:752)
	at org.springframework.boot.SpringApplication.refreshContext(SpringApplication.java:439)
	at org.springframework.boot.SpringApplication.run(SpringApplication.java:318)
	at org.springframework.boot.SpringApplication.run(SpringApplication.java:1361)
	at org.springframework.boot.SpringApplication.run(SpringApplication.java:1350)
	at mdtg.AdminApplication.main(AdminApplication.java:10)
Caused by: org.springframework.beans.BeanInstantiationException: Failed to instantiate [org.springframework.validation.beanvalidation.MethodValidationPostProcessor]: Factory method 'methodValidationPostProcessor' threw exception with message: Error creating bean with name 'shiroFilter' defined in class path resource [mdtg/modules/security/config/ShiroConfig.class]: Unsatisfied dependency expressed through method 'shirFilter' parameter 1: Error creating bean with name 'sysParamsServiceImpl': Unsatisfied dependency expressed through field 'baseDao': Error creating bean with name 'sysParamsDao' defined in file [D:\workspace\WYwei\Java_\Java_21\manager-api\target\classes\mdtg\modules\sys\dao\SysParamsDao.class]: Cannot resolve reference to bean 'sqlSessionTemplate' while setting bean property 'sqlSessionTemplate'
	at org.springframework.beans.factory.support.SimpleInstantiationStrategy.lambda$instantiate$0(SimpleInstantiationStrategy.java:199)
	at org.springframework.beans.factory.support.SimpleInstantiationStrategy.instantiateWithFactoryMethod(SimpleInstantiationStrategy.java:88)
	at org.springframework.beans.factory.support.SimpleInstantiationStrategy.instantiate(SimpleInstantiationStrategy.java:168)
	at org.springframework.beans.factory.support.ConstructorResolver.instantiate(ConstructorResolver.java:653)
	... 19 common frames omitted
Caused by: org.springframework.beans.factory.UnsatisfiedDependencyException: Error creating bean with name 'shiroFilter' defined in class path resource [mdtg/modules/security/config/ShiroConfig.class]: Unsatisfied dependency expressed through method 'shirFilter' parameter 1: Error creating bean with name 'sysParamsServiceImpl': Unsatisfied dependency expressed through field 'baseDao': Error creating bean with name 'sysParamsDao' defined in file [D:\workspace\WYwei\Java_\Java_21\manager-api\target\classes\mdtg\modules\sys\dao\SysParamsDao.class]: Cannot resolve reference to bean 'sqlSessionTemplate' while setting bean property 'sqlSessionTemplate'
	at org.springframework.beans.factory.support.ConstructorResolver.createArgumentArray(ConstructorResolver.java:804)
	at org.springframework.beans.factory.support.ConstructorResolver.instantiateUsingFactoryMethod(ConstructorResolver.java:546)
	at org.springframework.beans.factory.support.AbstractAutowireCapableBeanFactory.instantiateUsingFactoryMethod(AbstractAutowireCapableBeanFactory.java:1361)
	at org.springframework.beans.factory.support.AbstractAutowireCapableBeanFactory.createBeanInstance(AbstractAutowireCapableBeanFactory.java:1191)
	at org.springframework.beans.factory.support.AbstractAutowireCapableBeanFactory.getSingletonFactoryBeanForTypeCheck(AbstractAutowireCapableBeanFactory.java:1020)
	at org.springframework.beans.factory.support.AbstractAutowireCapableBeanFactory.getTypeForFactoryBean(AbstractAutowireCapableBeanFactory.java:910)
	at org.springframework.beans.factory.support.AbstractBeanFactory.isTypeMatch(AbstractBeanFactory.java:665)
	at org.springframework.beans.factory.support.DefaultListableBeanFactory.doGetBeanNamesForType(DefaultListableBeanFactory.java:631)
	at org.springframework.beans.factory.support.DefaultListableBeanFactory.getBeanNamesForType(DefaultListableBeanFactory.java:590)
	at org.springframework.beans.factory.BeanFactoryUtils.beanNamesForTypeIncludingAncestors(BeanFactoryUtils.java:264)
	at org.springframework.beans.factory.support.DefaultListableBeanFactory.findAutowireCandidates(DefaultListableBeanFactory.java:1864)
	at org.springframework.beans.factory.support.DefaultListableBeanFactory.resolveMultipleBeans(DefaultListableBeanFactory.java:1697)
	at org.springframework.beans.factory.support.DefaultListableBeanFactory.doResolveDependency(DefaultListableBeanFactory.java:1613)
	at org.springframework.beans.factory.support.DefaultListableBeanFactory$DependencyObjectProvider.resolveStream(DefaultListableBeanFactory.java:2512)
	at org.springframework.beans.factory.support.DefaultListableBeanFactory$DependencyObjectProvider.orderedStream(DefaultListableBeanFactory.java:2506)
	at org.springframework.boot.autoconfigure.validation.ValidationAutoConfiguration.methodValidationPostProcessor(ValidationAutoConfiguration.java:73)
	at java.base/jdk.internal.reflect.DirectMethodHandleAccessor.invoke(DirectMethodHandleAccessor.java:103)
	at java.base/java.lang.reflect.Method.invoke(Method.java:580)
	at org.springframework.beans.factory.support.SimpleInstantiationStrategy.lambda$instantiate$0(SimpleInstantiationStrategy.java:171)
	... 22 common frames omitted
Caused by: org.springframework.beans.factory.UnsatisfiedDependencyException: Error creating bean with name 'sysParamsServiceImpl': Unsatisfied dependency expressed through field 'baseDao': Error creating bean with name 'sysParamsDao' defined in file [D:\workspace\WYwei\Java_\Java_21\manager-api\target\classes\mdtg\modules\sys\dao\SysParamsDao.class]: Cannot resolve reference to bean 'sqlSessionTemplate' while setting bean property 'sqlSessionTemplate'
	at org.springframework.beans.factory.annotation.AutowiredAnnotationBeanPostProcessor$AutowiredFieldElement.resolveFieldValue(AutowiredAnnotationBeanPostProcessor.java:788)
	at org.springframework.beans.factory.annotation.AutowiredAnnotationBeanPostProcessor$AutowiredFieldElement.inject(AutowiredAnnotationBeanPostProcessor.java:768)
	at org.springframework.beans.factory.annotation.InjectionMetadata.inject(InjectionMetadata.java:146)
	at org.springframework.beans.factory.annotation.AutowiredAnnotationBeanPostProcessor.postProcessProperties(AutowiredAnnotationBeanPostProcessor.java:509)
	at org.springframework.beans.factory.support.AbstractAutowireCapableBeanFactory.populateBean(AbstractAutowireCapableBeanFactory.java:1445)
	at org.springframework.beans.factory.support.AbstractAutowireCapableBeanFactory.doCreateBean(AbstractAutowireCapableBeanFactory.java:600)
	at org.springframework.beans.factory.support.AbstractAutowireCapableBeanFactory.createBean(AbstractAutowireCapableBeanFactory.java:523)
	at org.springframework.beans.factory.support.AbstractBeanFactory.lambda$doGetBean$0(AbstractBeanFactory.java:339)
	at org.springframework.beans.factory.support.DefaultSingletonBeanRegistry.getSingleton(DefaultSingletonBeanRegistry.java:346)
	at org.springframework.beans.factory.support.AbstractBeanFactory.doGetBean(AbstractBeanFactory.java:337)
	at org.springframework.beans.factory.support.AbstractBeanFactory.getBean(AbstractBeanFactory.java:202)
	at org.springframework.beans.factory.config.DependencyDescriptor.resolveCandidate(DependencyDescriptor.java:254)
	at org.springframework.beans.factory.support.DefaultListableBeanFactory.doResolveDependency(DefaultListableBeanFactory.java:1664)
	at org.springframework.beans.factory.support.DefaultListableBeanFactory.resolveDependency(DefaultListableBeanFactory.java:1552)
	at org.springframework.beans.factory.support.ConstructorResolver.resolveAutowiredArgument(ConstructorResolver.java:913)
	at org.springframework.beans.factory.support.ConstructorResolver.createArgumentArray(ConstructorResolver.java:791)
	... 40 common frames omitted
Caused by: org.springframework.beans.factory.BeanCreationException: Error creating bean with name 'sysParamsDao' defined in file [D:\workspace\WYwei\Java_\Java_21\manager-api\target\classes\mdtg\modules\sys\dao\SysParamsDao.class]: Cannot resolve reference to bean 'sqlSessionTemplate' while setting bean property 'sqlSessionTemplate'
	at org.springframework.beans.factory.support.BeanDefinitionValueResolver.resolveReference(BeanDefinitionValueResolver.java:377)
	at org.springframework.beans.factory.support.BeanDefinitionValueResolver.resolveValueIfNecessary(BeanDefinitionValueResolver.java:135)
	at org.springframework.beans.factory.support.AbstractAutowireCapableBeanFactory.applyPropertyValues(AbstractAutowireCapableBeanFactory.java:1711)
	at org.springframework.beans.factory.support.AbstractAutowireCapableBeanFactory.populateBean(AbstractAutowireCapableBeanFactory.java:1460)
	at org.springframework.beans.factory.support.AbstractAutowireCapableBeanFactory.doCreateBean(AbstractAutowireCapableBeanFactory.java:600)
	at org.springframework.beans.factory.support.AbstractAutowireCapableBeanFactory.createBean(AbstractAutowireCapableBeanFactory.java:523)
	at org.springframework.beans.factory.support.AbstractBeanFactory.lambda$doGetBean$0(AbstractBeanFactory.java:339)
	at org.springframework.beans.factory.support.DefaultSingletonBeanRegistry.getSingleton(DefaultSingletonBeanRegistry.java:346)
	at org.springframework.beans.factory.support.AbstractBeanFactory.doGetBean(AbstractBeanFactory.java:337)
	at org.springframework.beans.factory.support.AbstractBeanFactory.getBean(AbstractBeanFactory.java:202)
	at org.springframework.beans.factory.config.DependencyDescriptor.resolveCandidate(DependencyDescriptor.java:254)
	at org.springframework.beans.factory.support.DefaultListableBeanFactory.doResolveDependency(DefaultListableBeanFactory.java:1664)
	at org.springframework.beans.factory.support.DefaultListableBeanFactory.resolveDependency(DefaultListableBeanFactory.java:1552)
	at org.springframework.beans.factory.annotation.AutowiredAnnotationBeanPostProcessor$AutowiredFieldElement.resolveFieldValue(AutowiredAnnotationBeanPostProcessor.java:785)
	... 55 common frames omitted
Caused by: org.springframework.beans.factory.BeanCreationException: Error creating bean with name 'liquibase' defined in class path resource [org/springframework/boot/autoconfigure/liquibase/LiquibaseAutoConfiguration$LiquibaseConfiguration.class]: Validation Failed:
     11 changesets check sum
          db/changelog/db.changelog-master.yaml::202504092335::John was: 8:930c3dfcbbdbc6b032f764b57438f036 but is now: 8:0f7875c364e8fd37991d5fc205cc57b9
          db/changelog/db.changelog-master.yaml::202504112058::John was: 8:b71794febe1518dc20e04e8e416c387c but is now: 8:e4ed26efe97fa23b3ae50266f7f381a5
          db/changelog/db.changelog-master.yaml::202504151206::John was: 8:85d89b172e4b76c57db9deb3a7af521d but is now: 8:9b27f8011741fa7c60701453e70c2d54
          db/changelog/db.changelog-master.yaml::202504291043::jiangkunyin was: 8:cd187b594a3c490ad1e97053f1d9aa5c but is now: 8:9bf953239c5e783afcaef2dda0424662
          db/changelog/db.changelog-master.yaml::202504301341::Goody was: 8:e4c52117d510d6107b5c58b8cdc420fb but is now: 8:efcb651f85c6f10a918f40ede372a586
          db/changelog/db.changelog-master.yaml::202505091555::whosmyqueen was: 8:f06db077c791ab666854f19a3c4c5e18 but is now: 8:627cbb41c02028dd1f40571421e3db18
          db/changelog/db.changelog-master.yaml::202505182234::amen was: 8:72314c595518e1a4688839b370169422 but is now: 8:5b3d672410299fe6537cabce5692c6a9
          db/changelog/db.changelog-master.yaml::202506080955::hrz was: 8:ecaf55cf09be354e2a031ed3fb73bf8f but is now: 8:90dae9820d7ec106f43ac68fe520df55
          db/changelog/db.changelog-master.yaml::202508131557::RanChen was: 8:17e3b389c1e3ce361d25bc1d0eb2269a but is now: 8:c2a601698f5d4778d2077842f73d0a63
          db/changelog/db.changelog-master.yaml::202511131023::hrz was: 8:55a7320d800622af34fc31edc4923b8d but is now: 8:4822afdbecdea136763cbabeaa4e2ca0
          db/changelog/db.changelog-master.yaml::202512041515::cgd was: 8:7b2f03c53f9d002e5c0e3bee9b057105 but is now: 8:a5771ee326f580f7dbc52b0e3871a9e5

	at org.springframework.beans.factory.support.AbstractAutowireCapableBeanFactory.initializeBean(AbstractAutowireCapableBeanFactory.java:1812)
	at org.springframework.beans.factory.support.AbstractAutowireCapableBeanFactory.doCreateBean(AbstractAutowireCapableBeanFactory.java:601)
	at org.springframework.beans.factory.support.AbstractAutowireCapableBeanFactory.createBean(AbstractAutowireCapableBeanFactory.java:523)
	at org.springframework.beans.factory.support.AbstractBeanFactory.lambda$doGetBean$0(AbstractBeanFactory.java:339)
	at org.springframework.beans.factory.support.DefaultSingletonBeanRegistry.getSingleton(DefaultSingletonBeanRegistry.java:346)
	at org.springframework.beans.factory.support.AbstractBeanFactory.doGetBean(AbstractBeanFactory.java:337)
	at org.springframework.beans.factory.support.AbstractBeanFactory.getBean(AbstractBeanFactory.java:202)
	at org.springframework.beans.factory.support.AbstractBeanFactory.doGetBean(AbstractBeanFactory.java:315)
	at org.springframework.beans.factory.support.AbstractBeanFactory.getBean(AbstractBeanFactory.java:202)
	at org.springframework.beans.factory.support.BeanDefinitionValueResolver.resolveReference(BeanDefinitionValueResolver.java:365)
	... 68 common frames omitted
Caused by: liquibase.exception.ValidationFailedException: Validation Failed:
     11 changesets check sum
          db/changelog/db.changelog-master.yaml::202504092335::John was: 8:930c3dfcbbdbc6b032f764b57438f036 but is now: 8:0f7875c364e8fd37991d5fc205cc57b9
          db/changelog/db.changelog-master.yaml::202504112058::John was: 8:b71794febe1518dc20e04e8e416c387c but is now: 8:e4ed26efe97fa23b3ae50266f7f381a5
          db/changelog/db.changelog-master.yaml::202504151206::John was: 8:85d89b172e4b76c57db9deb3a7af521d but is now: 8:9b27f8011741fa7c60701453e70c2d54
          db/changelog/db.changelog-master.yaml::202504291043::jiangkunyin was: 8:cd187b594a3c490ad1e97053f1d9aa5c but is now: 8:9bf953239c5e783afcaef2dda0424662
          db/changelog/db.changelog-master.yaml::202504301341::Goody was: 8:e4c52117d510d6107b5c58b8cdc420fb but is now: 8:efcb651f85c6f10a918f40ede372a586
          db/changelog/db.changelog-master.yaml::202505091555::whosmyqueen was: 8:f06db077c791ab666854f19a3c4c5e18 but is now: 8:627cbb41c02028dd1f40571421e3db18
          db/changelog/db.changelog-master.yaml::202505182234::amen was: 8:72314c595518e1a4688839b370169422 but is now: 8:5b3d672410299fe6537cabce5692c6a9
          db/changelog/db.changelog-master.yaml::202506080955::hrz was: 8:ecaf55cf09be354e2a031ed3fb73bf8f but is now: 8:90dae9820d7ec106f43ac68fe520df55
          db/changelog/db.changelog-master.yaml::202508131557::RanChen was: 8:17e3b389c1e3ce361d25bc1d0eb2269a but is now: 8:c2a601698f5d4778d2077842f73d0a63
          db/changelog/db.changelog-master.yaml::202511131023::hrz was: 8:55a7320d800622af34fc31edc4923b8d but is now: 8:4822afdbecdea136763cbabeaa4e2ca0
          db/changelog/db.changelog-master.yaml::202512041515::cgd was: 8:7b2f03c53f9d002e5c0e3bee9b057105 but is now: 8:a5771ee326f580f7dbc52b0e3871a9e5

	at liquibase.changelog.DatabaseChangeLog.validate(DatabaseChangeLog.java:357)
	at liquibase.Liquibase$16.run(Liquibase.java:2296)
	at liquibase.Scope.lambda$child$0(Scope.java:187)
	at liquibase.Scope.child(Scope.java:196)
	at liquibase.Scope.child(Scope.java:186)
	at liquibase.Scope.child(Scope.java:165)
	at liquibase.Liquibase.runInScope(Liquibase.java:2639)
	at liquibase.Liquibase.listUnrunChangeSets(Liquibase.java:2286)
	at liquibase.Liquibase.isUpToDateFastCheck(Liquibase.java:506)
	at liquibase.Liquibase.lambda$update$1(Liquibase.java:237)
	at liquibase.Scope.lambda$child$0(Scope.java:187)
	at liquibase.Scope.child(Scope.java:196)
	at liquibase.Scope.child(Scope.java:186)
	at liquibase.Scope.child(Scope.java:165)
	at liquibase.Liquibase.runInScope(Liquibase.java:2639)
	at liquibase.Liquibase.update(Liquibase.java:236)
	at liquibase.Liquibase.update(Liquibase.java:221)
	at liquibase.integration.spring.SpringLiquibase.performUpdate(SpringLiquibase.java:329)
	at liquibase.integration.spring.SpringLiquibase.afterPropertiesSet(SpringLiquibase.java:284)
	at org.springframework.beans.factory.support.AbstractAutowireCapableBeanFactory.invokeInitMethods(AbstractAutowireCapableBeanFactory.java:1859)
	at org.springframework.beans.factory.support.AbstractAutowireCapableBeanFactory.initializeBean(AbstractAutowireCapableBeanFactory.java:1808)
	... 77 common frames omitted
2026-02-25 17:01:18.464 [main] ERROR org.springframework.boot.SpringApplication - Application run failed
org.springframework.beans.factory.BeanCreationException: Error creating bean with name 'methodValidationPostProcessor' defined in class path resource [org/springframework/boot/autoconfigure/validation/ValidationAutoConfiguration.class]: Failed to instantiate [org.springframework.validation.beanvalidation.MethodValidationPostProcessor]: Factory method 'methodValidationPostProcessor' threw exception with message: Error creating bean with name 'shiroFilter' defined in class path resource [mdtg/modules/security/config/ShiroConfig.class]: Unsatisfied dependency expressed through method 'shirFilter' parameter 1: Error creating bean with name 'sysParamsServiceImpl': Unsatisfied dependency expressed through field 'baseDao': Error creating bean with name 'sysParamsDao' defined in file [D:\workspace\WYwei\Java_\Java_21\manager-api\target\classes\mdtg\modules\sys\dao\SysParamsDao.class]: Cannot resolve reference to bean 'sqlSessionTemplate' while setting bean property 'sqlSessionTemplate'
	at org.springframework.beans.factory.support.ConstructorResolver.instantiate(ConstructorResolver.java:657)
	at org.springframework.beans.factory.support.ConstructorResolver.instantiateUsingFactoryMethod(ConstructorResolver.java:645)
	at org.springframework.beans.factory.support.AbstractAutowireCapableBeanFactory.instantiateUsingFactoryMethod(AbstractAutowireCapableBeanFactory.java:1361)
	at org.springframework.beans.factory.support.AbstractAutowireCapableBeanFactory.createBeanInstance(AbstractAutowireCapableBeanFactory.java:1191)
	at org.springframework.beans.factory.support.AbstractAutowireCapableBeanFactory.doCreateBean(AbstractAutowireCapableBeanFactory.java:563)
	at org.springframework.beans.factory.support.AbstractAutowireCapableBeanFactory.createBean(AbstractAutowireCapableBeanFactory.java:523)
	at org.springframework.beans.factory.support.AbstractBeanFactory.lambda$doGetBean$0(AbstractBeanFactory.java:339)
	at org.springframework.beans.factory.support.DefaultSingletonBeanRegistry.getSingleton(DefaultSingletonBeanRegistry.java:346)
	at org.springframework.beans.factory.support.AbstractBeanFactory.doGetBean(AbstractBeanFactory.java:337)
	at org.springframework.beans.factory.support.AbstractBeanFactory.getBean(AbstractBeanFactory.java:207)
	at org.springframework.context.support.PostProcessorRegistrationDelegate.registerBeanPostProcessors(PostProcessorRegistrationDelegate.java:265)
	at org.springframework.context.support.AbstractApplicationContext.registerBeanPostProcessors(AbstractApplicationContext.java:808)
	at org.springframework.context.support.AbstractApplicationContext.refresh(AbstractApplicationContext.java:611)
	at org.springframework.boot.web.servlet.context.ServletWebServerApplicationContext.refresh(ServletWebServerApplicationContext.java:146)
	at org.springframework.boot.SpringApplication.refresh(SpringApplication.java:752)
	at org.springframework.boot.SpringApplication.refreshContext(SpringApplication.java:439)
	at org.springframework.boot.SpringApplication.run(SpringApplication.java:318)
	at org.springframework.boot.SpringApplication.run(SpringApplication.java:1361)
	at org.springframework.boot.SpringApplication.run(SpringApplication.java:1350)
	at mdtg.AdminApplication.main(AdminApplication.java:10)
Caused by: org.springframework.beans.BeanInstantiationException: Failed to instantiate [org.springframework.validation.beanvalidation.MethodValidationPostProcessor]: Factory method 'methodValidationPostProcessor' threw exception with message: Error creating bean with name 'shiroFilter' defined in class path resource [mdtg/modules/security/config/ShiroConfig.class]: Unsatisfied dependency expressed through method 'shirFilter' parameter 1: Error creating bean with name 'sysParamsServiceImpl': Unsatisfied dependency expressed through field 'baseDao': Error creating bean with name 'sysParamsDao' defined in file [D:\workspace\WYwei\Java_\Java_21\manager-api\target\classes\mdtg\modules\sys\dao\SysParamsDao.class]: Cannot resolve reference to bean 'sqlSessionTemplate' while setting bean property 'sqlSessionTemplate'
	at org.springframework.beans.factory.support.SimpleInstantiationStrategy.lambda$instantiate$0(SimpleInstantiationStrategy.java:199)
	at org.springframework.beans.factory.support.SimpleInstantiationStrategy.instantiateWithFactoryMethod(SimpleInstantiationStrategy.java:88)
	at org.springframework.beans.factory.support.SimpleInstantiationStrategy.instantiate(SimpleInstantiationStrategy.java:168)
	at org.springframework.beans.factory.support.ConstructorResolver.instantiate(ConstructorResolver.java:653)
	... 19 common frames omitted
Caused by: org.springframework.beans.factory.UnsatisfiedDependencyException: Error creating bean with name 'shiroFilter' defined in class path resource [mdtg/modules/security/config/ShiroConfig.class]: Unsatisfied dependency expressed through method 'shirFilter' parameter 1: Error creating bean with name 'sysParamsServiceImpl': Unsatisfied dependency expressed through field 'baseDao': Error creating bean with name 'sysParamsDao' defined in file [D:\workspace\WYwei\Java_\Java_21\manager-api\target\classes\mdtg\modules\sys\dao\SysParamsDao.class]: Cannot resolve reference to bean 'sqlSessionTemplate' while setting bean property 'sqlSessionTemplate'
	at org.springframework.beans.factory.support.ConstructorResolver.createArgumentArray(ConstructorResolver.java:804)
	at org.springframework.beans.factory.support.ConstructorResolver.instantiateUsingFactoryMethod(ConstructorResolver.java:546)
	at org.springframework.beans.factory.support.AbstractAutowireCapableBeanFactory.instantiateUsingFactoryMethod(AbstractAutowireCapableBeanFactory.java:1361)
	at org.springframework.beans.factory.support.AbstractAutowireCapableBeanFactory.createBeanInstance(AbstractAutowireCapableBeanFactory.java:1191)
	at org.springframework.beans.factory.support.AbstractAutowireCapableBeanFactory.getSingletonFactoryBeanForTypeCheck(AbstractAutowireCapableBeanFactory.java:1020)
	at org.springframework.beans.factory.support.AbstractAutowireCapableBeanFactory.getTypeForFactoryBean(AbstractAutowireCapableBeanFactory.java:910)
	at org.springframework.beans.factory.support.AbstractBeanFactory.isTypeMatch(AbstractBeanFactory.java:665)
	at org.springframework.beans.factory.support.DefaultListableBeanFactory.doGetBeanNamesForType(DefaultListableBeanFactory.java:631)
	at org.springframework.beans.factory.support.DefaultListableBeanFactory.getBeanNamesForType(DefaultListableBeanFactory.java:590)
	at org.springframework.beans.factory.BeanFactoryUtils.beanNamesForTypeIncludingAncestors(BeanFactoryUtils.java:264)
	at org.springframework.beans.factory.support.DefaultListableBeanFactory.findAutowireCandidates(DefaultListableBeanFactory.java:1864)
	at org.springframework.beans.factory.support.DefaultListableBeanFactory.resolveMultipleBeans(DefaultListableBeanFactory.java:1697)
	at org.springframework.beans.factory.support.DefaultListableBeanFactory.doResolveDependency(DefaultListableBeanFactory.java:1613)
	at org.springframework.beans.factory.support.DefaultListableBeanFactory$DependencyObjectProvider.resolveStream(DefaultListableBeanFactory.java:2512)
	at org.springframework.beans.factory.support.DefaultListableBeanFactory$DependencyObjectProvider.orderedStream(DefaultListableBeanFactory.java:2506)
	at org.springframework.boot.autoconfigure.validation.ValidationAutoConfiguration.methodValidationPostProcessor(ValidationAutoConfiguration.java:73)
	at java.base/jdk.internal.reflect.DirectMethodHandleAccessor.invoke(DirectMethodHandleAccessor.java:103)
	at java.base/java.lang.reflect.Method.invoke(Method.java:580)
	at org.springframework.beans.factory.support.SimpleInstantiationStrategy.lambda$instantiate$0(SimpleInstantiationStrategy.java:171)
	... 22 common frames omitted
Caused by: org.springframework.beans.factory.UnsatisfiedDependencyException: Error creating bean with name 'sysParamsServiceImpl': Unsatisfied dependency expressed through field 'baseDao': Error creating bean with name 'sysParamsDao' defined in file [D:\workspace\WYwei\Java_\Java_21\manager-api\target\classes\mdtg\modules\sys\dao\SysParamsDao.class]: Cannot resolve reference to bean 'sqlSessionTemplate' while setting bean property 'sqlSessionTemplate'
	at org.springframework.beans.factory.annotation.AutowiredAnnotationBeanPostProcessor$AutowiredFieldElement.resolveFieldValue(AutowiredAnnotationBeanPostProcessor.java:788)
	at org.springframework.beans.factory.annotation.AutowiredAnnotationBeanPostProcessor$AutowiredFieldElement.inject(AutowiredAnnotationBeanPostProcessor.java:768)
	at org.springframework.beans.factory.annotation.InjectionMetadata.inject(InjectionMetadata.java:146)
	at org.springframework.beans.factory.annotation.AutowiredAnnotationBeanPostProcessor.postProcessProperties(AutowiredAnnotationBeanPostProcessor.java:509)
	at org.springframework.beans.factory.support.AbstractAutowireCapableBeanFactory.populateBean(AbstractAutowireCapableBeanFactory.java:1445)
	at org.springframework.beans.factory.support.AbstractAutowireCapableBeanFactory.doCreateBean(AbstractAutowireCapableBeanFactory.java:600)
	at org.springframework.beans.factory.support.AbstractAutowireCapableBeanFactory.createBean(AbstractAutowireCapableBeanFactory.java:523)
	at org.springframework.beans.factory.support.AbstractBeanFactory.lambda$doGetBean$0(AbstractBeanFactory.java:339)
	at org.springframework.beans.factory.support.DefaultSingletonBeanRegistry.getSingleton(DefaultSingletonBeanRegistry.java:346)
	at org.springframework.beans.factory.support.AbstractBeanFactory.doGetBean(AbstractBeanFactory.java:337)
	at org.springframework.beans.factory.support.AbstractBeanFactory.getBean(AbstractBeanFactory.java:202)
	at org.springframework.beans.factory.config.DependencyDescriptor.resolveCandidate(DependencyDescriptor.java:254)
	at org.springframework.beans.factory.support.DefaultListableBeanFactory.doResolveDependency(DefaultListableBeanFactory.java:1664)
	at org.springframework.beans.factory.support.DefaultListableBeanFactory.resolveDependency(DefaultListableBeanFactory.java:1552)
	at org.springframework.beans.factory.support.ConstructorResolver.resolveAutowiredArgument(ConstructorResolver.java:913)
	at org.springframework.beans.factory.support.ConstructorResolver.createArgumentArray(ConstructorResolver.java:791)
	... 40 common frames omitted
Caused by: org.springframework.beans.factory.BeanCreationException: Error creating bean with name 'sysParamsDao' defined in file [D:\workspace\WYwei\Java_\Java_21\manager-api\target\classes\mdtg\modules\sys\dao\SysParamsDao.class]: Cannot resolve reference to bean 'sqlSessionTemplate' while setting bean property 'sqlSessionTemplate'
	at org.springframework.beans.factory.support.BeanDefinitionValueResolver.resolveReference(BeanDefinitionValueResolver.java:377)
	at org.springframework.beans.factory.support.BeanDefinitionValueResolver.resolveValueIfNecessary(BeanDefinitionValueResolver.java:135)
	at org.springframework.beans.factory.support.AbstractAutowireCapableBeanFactory.applyPropertyValues(AbstractAutowireCapableBeanFactory.java:1711)
	at org.springframework.beans.factory.support.AbstractAutowireCapableBeanFactory.populateBean(AbstractAutowireCapableBeanFactory.java:1460)
	at org.springframework.beans.factory.support.AbstractAutowireCapableBeanFactory.doCreateBean(AbstractAutowireCapableBeanFactory.java:600)
	at org.springframework.beans.factory.support.AbstractAutowireCapableBeanFactory.createBean(AbstractAutowireCapableBeanFactory.java:523)
	at org.springframework.beans.factory.support.AbstractBeanFactory.lambda$doGetBean$0(AbstractBeanFactory.java:339)
	at org.springframework.beans.factory.support.DefaultSingletonBeanRegistry.getSingleton(DefaultSingletonBeanRegistry.java:346)
	at org.springframework.beans.factory.support.AbstractBeanFactory.doGetBean(AbstractBeanFactory.java:337)
	at org.springframework.beans.factory.support.AbstractBeanFactory.getBean(AbstractBeanFactory.java:202)
	at org.springframework.beans.factory.config.DependencyDescriptor.resolveCandidate(DependencyDescriptor.java:254)
	at org.springframework.beans.factory.support.DefaultListableBeanFactory.doResolveDependency(DefaultListableBeanFactory.java:1664)
	at org.springframework.beans.factory.support.DefaultListableBeanFactory.resolveDependency(DefaultListableBeanFactory.java:1552)
	at org.springframework.beans.factory.annotation.AutowiredAnnotationBeanPostProcessor$AutowiredFieldElement.resolveFieldValue(AutowiredAnnotationBeanPostProcessor.java:785)
	... 55 common frames omitted
Caused by: org.springframework.beans.factory.BeanCreationException: Error creating bean with name 'liquibase' defined in class path resource [org/springframework/boot/autoconfigure/liquibase/LiquibaseAutoConfiguration$LiquibaseConfiguration.class]: Validation Failed:
     11 changesets check sum
          db/changelog/db.changelog-master.yaml::202504092335::John was: 8:930c3dfcbbdbc6b032f764b57438f036 but is now: 8:0f7875c364e8fd37991d5fc205cc57b9
          db/changelog/db.changelog-master.yaml::202504112058::John was: 8:b71794febe1518dc20e04e8e416c387c but is now: 8:e4ed26efe97fa23b3ae50266f7f381a5
          db/changelog/db.changelog-master.yaml::202504151206::John was: 8:85d89b172e4b76c57db9deb3a7af521d but is now: 8:9b27f8011741fa7c60701453e70c2d54
          db/changelog/db.changelog-master.yaml::202504291043::jiangkunyin was: 8:cd187b594a3c490ad1e97053f1d9aa5c but is now: 8:9bf953239c5e783afcaef2dda0424662
          db/changelog/db.changelog-master.yaml::202504301341::Goody was: 8:e4c52117d510d6107b5c58b8cdc420fb but is now: 8:efcb651f85c6f10a918f40ede372a586
          db/changelog/db.changelog-master.yaml::202505091555::whosmyqueen was: 8:f06db077c791ab666854f19a3c4c5e18 but is now: 8:627cbb41c02028dd1f40571421e3db18
          db/changelog/db.changelog-master.yaml::202505182234::amen was: 8:72314c595518e1a4688839b370169422 but is now: 8:5b3d672410299fe6537cabce5692c6a9
          db/changelog/db.changelog-master.yaml::202506080955::hrz was: 8:ecaf55cf09be354e2a031ed3fb73bf8f but is now: 8:90dae9820d7ec106f43ac68fe520df55
          db/changelog/db.changelog-master.yaml::202508131557::RanChen was: 8:17e3b389c1e3ce361d25bc1d0eb2269a but is now: 8:c2a601698f5d4778d2077842f73d0a63
          db/changelog/db.changelog-master.yaml::202511131023::hrz was: 8:55a7320d800622af34fc31edc4923b8d but is now: 8:4822afdbecdea136763cbabeaa4e2ca0
          db/changelog/db.changelog-master.yaml::202512041515::cgd was: 8:7b2f03c53f9d002e5c0e3bee9b057105 but is now: 8:a5771ee326f580f7dbc52b0e3871a9e5

	at org.springframework.beans.factory.support.AbstractAutowireCapableBeanFactory.initializeBean(AbstractAutowireCapableBeanFactory.java:1812)
	at org.springframework.beans.factory.support.AbstractAutowireCapableBeanFactory.doCreateBean(AbstractAutowireCapableBeanFactory.java:601)
	at org.springframework.beans.factory.support.AbstractAutowireCapableBeanFactory.createBean(AbstractAutowireCapableBeanFactory.java:523)
	at org.springframework.beans.factory.support.AbstractBeanFactory.lambda$doGetBean$0(AbstractBeanFactory.java:339)
	at org.springframework.beans.factory.support.DefaultSingletonBeanRegistry.getSingleton(DefaultSingletonBeanRegistry.java:346)
	at org.springframework.beans.factory.support.AbstractBeanFactory.doGetBean(AbstractBeanFactory.java:337)
	at org.springframework.beans.factory.support.AbstractBeanFactory.getBean(AbstractBeanFactory.java:202)
	at org.springframework.beans.factory.support.AbstractBeanFactory.doGetBean(AbstractBeanFactory.java:315)
	at org.springframework.beans.factory.support.AbstractBeanFactory.getBean(AbstractBeanFactory.java:202)
	at org.springframework.beans.factory.support.BeanDefinitionValueResolver.resolveReference(BeanDefinitionValueResolver.java:365)
	... 68 common frames omitted
Caused by: liquibase.exception.ValidationFailedException: Validation Failed:
     11 changesets check sum
          db/changelog/db.changelog-master.yaml::202504092335::John was: 8:930c3dfcbbdbc6b032f764b57438f036 but is now: 8:0f7875c364e8fd37991d5fc205cc57b9
          db/changelog/db.changelog-master.yaml::202504112058::John was: 8:b71794febe1518dc20e04e8e416c387c but is now: 8:e4ed26efe97fa23b3ae50266f7f381a5
          db/changelog/db.changelog-master.yaml::202504151206::John was: 8:85d89b172e4b76c57db9deb3a7af521d but is now: 8:9b27f8011741fa7c60701453e70c2d54
          db/changelog/db.changelog-master.yaml::202504291043::jiangkunyin was: 8:cd187b594a3c490ad1e97053f1d9aa5c but is now: 8:9bf953239c5e783afcaef2dda0424662
          db/changelog/db.changelog-master.yaml::202504301341::Goody was: 8:e4c52117d510d6107b5c58b8cdc420fb but is now: 8:efcb651f85c6f10a918f40ede372a586
          db/changelog/db.changelog-master.yaml::202505091555::whosmyqueen was: 8:f06db077c791ab666854f19a3c4c5e18 but is now: 8:627cbb41c02028dd1f40571421e3db18
          db/changelog/db.changelog-master.yaml::202505182234::amen was: 8:72314c595518e1a4688839b370169422 but is now: 8:5b3d672410299fe6537cabce5692c6a9
          db/changelog/db.changelog-master.yaml::202506080955::hrz was: 8:ecaf55cf09be354e2a031ed3fb73bf8f but is now: 8:90dae9820d7ec106f43ac68fe520df55
          db/changelog/db.changelog-master.yaml::202508131557::RanChen was: 8:17e3b389c1e3ce361d25bc1d0eb2269a but is now: 8:c2a601698f5d4778d2077842f73d0a63
          db/changelog/db.changelog-master.yaml::202511131023::hrz was: 8:55a7320d800622af34fc31edc4923b8d but is now: 8:4822afdbecdea136763cbabeaa4e2ca0
          db/changelog/db.changelog-master.yaml::202512041515::cgd was: 8:7b2f03c53f9d002e5c0e3bee9b057105 but is now: 8:a5771ee326f580f7dbc52b0e3871a9e5

	at liquibase.changelog.DatabaseChangeLog.validate(DatabaseChangeLog.java:357)
	at liquibase.Liquibase$16.run(Liquibase.java:2296)
	at liquibase.Scope.lambda$child$0(Scope.java:187)
	at liquibase.Scope.child(Scope.java:196)
	at liquibase.Scope.child(Scope.java:186)
	at liquibase.Scope.child(Scope.java:165)
	at liquibase.Liquibase.runInScope(Liquibase.java:2639)
	at liquibase.Liquibase.listUnrunChangeSets(Liquibase.java:2286)
	at liquibase.Liquibase.isUpToDateFastCheck(Liquibase.java:506)
	at liquibase.Liquibase.lambda$update$1(Liquibase.java:237)
	at liquibase.Scope.lambda$child$0(Scope.java:187)
	at liquibase.Scope.child(Scope.java:196)
	at liquibase.Scope.child(Scope.java:186)
	at liquibase.Scope.child(Scope.java:165)
	at liquibase.Liquibase.runInScope(Liquibase.java:2639)
	at liquibase.Liquibase.update(Liquibase.java:236)
	at liquibase.Liquibase.update(Liquibase.java:221)
	at liquibase.integration.spring.SpringLiquibase.performUpdate(SpringLiquibase.java:329)
	at liquibase.integration.spring.SpringLiquibase.afterPropertiesSet(SpringLiquibase.java:284)
	at org.springframework.beans.factory.support.AbstractAutowireCapableBeanFactory.invokeInitMethods(AbstractAutowireCapableBeanFactory.java:1859)
	at org.springframework.beans.factory.support.AbstractAutowireCapableBeanFactory.initializeBean(AbstractAutowireCapableBeanFactory.java:1808)
	... 77 common frames omitted
2026-02-25 17:02:45.892 [main] ERROR org.springframework.boot.SpringApplication - Application run failed
org.springframework.beans.factory.BeanCreationException: Error creating bean with name 'methodValidationPostProcessor' defined in class path resource [org/springframework/boot/autoconfigure/validation/ValidationAutoConfiguration.class]: Failed to instantiate [org.springframework.validation.beanvalidation.MethodValidationPostProcessor]: Factory method 'methodValidationPostProcessor' threw exception with message: Error creating bean with name 'shiroFilter' defined in class path resource [mdtg/modules/security/config/ShiroConfig.class]: Unsatisfied dependency expressed through method 'shirFilter' parameter 1: Error creating bean with name 'sysParamsServiceImpl': Unsatisfied dependency expressed through field 'baseDao': Error creating bean with name 'sysParamsDao' defined in file [D:\workspace\WYwei\Java_\Java_21\manager-api\target\classes\mdtg\modules\sys\dao\SysParamsDao.class]: Cannot resolve reference to bean 'sqlSessionTemplate' while setting bean property 'sqlSessionTemplate'
	at org.springframework.beans.factory.support.ConstructorResolver.instantiate(ConstructorResolver.java:657)
	at org.springframework.beans.factory.support.ConstructorResolver.instantiateUsingFactoryMethod(ConstructorResolver.java:645)
	at org.springframework.beans.factory.support.AbstractAutowireCapableBeanFactory.instantiateUsingFactoryMethod(AbstractAutowireCapableBeanFactory.java:1361)
	at org.springframework.beans.factory.support.AbstractAutowireCapableBeanFactory.createBeanInstance(AbstractAutowireCapableBeanFactory.java:1191)
	at org.springframework.beans.factory.support.AbstractAutowireCapableBeanFactory.doCreateBean(AbstractAutowireCapableBeanFactory.java:563)
	at org.springframework.beans.factory.support.AbstractAutowireCapableBeanFactory.createBean(AbstractAutowireCapableBeanFactory.java:523)
	at org.springframework.beans.factory.support.AbstractBeanFactory.lambda$doGetBean$0(AbstractBeanFactory.java:339)
	at org.springframework.beans.factory.support.DefaultSingletonBeanRegistry.getSingleton(DefaultSingletonBeanRegistry.java:346)
	at org.springframework.beans.factory.support.AbstractBeanFactory.doGetBean(AbstractBeanFactory.java:337)
	at org.springframework.beans.factory.support.AbstractBeanFactory.getBean(AbstractBeanFactory.java:207)
	at org.springframework.context.support.PostProcessorRegistrationDelegate.registerBeanPostProcessors(PostProcessorRegistrationDelegate.java:265)
	at org.springframework.context.support.AbstractApplicationContext.registerBeanPostProcessors(AbstractApplicationContext.java:808)
	at org.springframework.context.support.AbstractApplicationContext.refresh(AbstractApplicationContext.java:611)
	at org.springframework.boot.web.servlet.context.ServletWebServerApplicationContext.refresh(ServletWebServerApplicationContext.java:146)
	at org.springframework.boot.SpringApplication.refresh(SpringApplication.java:752)
	at org.springframework.boot.SpringApplication.refreshContext(SpringApplication.java:439)
	at org.springframework.boot.SpringApplication.run(SpringApplication.java:318)
	at org.springframework.boot.SpringApplication.run(SpringApplication.java:1361)
	at org.springframework.boot.SpringApplication.run(SpringApplication.java:1350)
	at mdtg.AdminApplication.main(AdminApplication.java:10)
Caused by: org.springframework.beans.BeanInstantiationException: Failed to instantiate [org.springframework.validation.beanvalidation.MethodValidationPostProcessor]: Factory method 'methodValidationPostProcessor' threw exception with message: Error creating bean with name 'shiroFilter' defined in class path resource [mdtg/modules/security/config/ShiroConfig.class]: Unsatisfied dependency expressed through method 'shirFilter' parameter 1: Error creating bean with name 'sysParamsServiceImpl': Unsatisfied dependency expressed through field 'baseDao': Error creating bean with name 'sysParamsDao' defined in file [D:\workspace\WYwei\Java_\Java_21\manager-api\target\classes\mdtg\modules\sys\dao\SysParamsDao.class]: Cannot resolve reference to bean 'sqlSessionTemplate' while setting bean property 'sqlSessionTemplate'
	at org.springframework.beans.factory.support.SimpleInstantiationStrategy.lambda$instantiate$0(SimpleInstantiationStrategy.java:199)
	at org.springframework.beans.factory.support.SimpleInstantiationStrategy.instantiateWithFactoryMethod(SimpleInstantiationStrategy.java:88)
	at org.springframework.beans.factory.support.SimpleInstantiationStrategy.instantiate(SimpleInstantiationStrategy.java:168)
	at org.springframework.beans.factory.support.ConstructorResolver.instantiate(ConstructorResolver.java:653)
	... 19 common frames omitted
Caused by: org.springframework.beans.factory.UnsatisfiedDependencyException: Error creating bean with name 'shiroFilter' defined in class path resource [mdtg/modules/security/config/ShiroConfig.class]: Unsatisfied dependency expressed through method 'shirFilter' parameter 1: Error creating bean with name 'sysParamsServiceImpl': Unsatisfied dependency expressed through field 'baseDao': Error creating bean with name 'sysParamsDao' defined in file [D:\workspace\WYwei\Java_\Java_21\manager-api\target\classes\mdtg\modules\sys\dao\SysParamsDao.class]: Cannot resolve reference to bean 'sqlSessionTemplate' while setting bean property 'sqlSessionTemplate'
	at org.springframework.beans.factory.support.ConstructorResolver.createArgumentArray(ConstructorResolver.java:804)
	at org.springframework.beans.factory.support.ConstructorResolver.instantiateUsingFactoryMethod(ConstructorResolver.java:546)
	at org.springframework.beans.factory.support.AbstractAutowireCapableBeanFactory.instantiateUsingFactoryMethod(AbstractAutowireCapableBeanFactory.java:1361)
	at org.springframework.beans.factory.support.AbstractAutowireCapableBeanFactory.createBeanInstance(AbstractAutowireCapableBeanFactory.java:1191)
	at org.springframework.beans.factory.support.AbstractAutowireCapableBeanFactory.getSingletonFactoryBeanForTypeCheck(AbstractAutowireCapableBeanFactory.java:1020)
	at org.springframework.beans.factory.support.AbstractAutowireCapableBeanFactory.getTypeForFactoryBean(AbstractAutowireCapableBeanFactory.java:910)
	at org.springframework.beans.factory.support.AbstractBeanFactory.isTypeMatch(AbstractBeanFactory.java:665)
	at org.springframework.beans.factory.support.DefaultListableBeanFactory.doGetBeanNamesForType(DefaultListableBeanFactory.java:631)
	at org.springframework.beans.factory.support.DefaultListableBeanFactory.getBeanNamesForType(DefaultListableBeanFactory.java:590)
	at org.springframework.beans.factory.BeanFactoryUtils.beanNamesForTypeIncludingAncestors(BeanFactoryUtils.java:264)
	at org.springframework.beans.factory.support.DefaultListableBeanFactory.findAutowireCandidates(DefaultListableBeanFactory.java:1864)
	at org.springframework.beans.factory.support.DefaultListableBeanFactory.resolveMultipleBeans(DefaultListableBeanFactory.java:1697)
	at org.springframework.beans.factory.support.DefaultListableBeanFactory.doResolveDependency(DefaultListableBeanFactory.java:1613)
	at org.springframework.beans.factory.support.DefaultListableBeanFactory$DependencyObjectProvider.resolveStream(DefaultListableBeanFactory.java:2512)
	at org.springframework.beans.factory.support.DefaultListableBeanFactory$DependencyObjectProvider.orderedStream(DefaultListableBeanFactory.java:2506)
	at org.springframework.boot.autoconfigure.validation.ValidationAutoConfiguration.methodValidationPostProcessor(ValidationAutoConfiguration.java:73)
	at java.base/jdk.internal.reflect.DirectMethodHandleAccessor.invoke(DirectMethodHandleAccessor.java:103)
	at java.base/java.lang.reflect.Method.invoke(Method.java:580)
	at org.springframework.beans.factory.support.SimpleInstantiationStrategy.lambda$instantiate$0(SimpleInstantiationStrategy.java:171)
	... 22 common frames omitted
Caused by: org.springframework.beans.factory.UnsatisfiedDependencyException: Error creating bean with name 'sysParamsServiceImpl': Unsatisfied dependency expressed through field 'baseDao': Error creating bean with name 'sysParamsDao' defined in file [D:\workspace\WYwei\Java_\Java_21\manager-api\target\classes\mdtg\modules\sys\dao\SysParamsDao.class]: Cannot resolve reference to bean 'sqlSessionTemplate' while setting bean property 'sqlSessionTemplate'
	at org.springframework.beans.factory.annotation.AutowiredAnnotationBeanPostProcessor$AutowiredFieldElement.resolveFieldValue(AutowiredAnnotationBeanPostProcessor.java:788)
	at org.springframework.beans.factory.annotation.AutowiredAnnotationBeanPostProcessor$AutowiredFieldElement.inject(AutowiredAnnotationBeanPostProcessor.java:768)
	at org.springframework.beans.factory.annotation.InjectionMetadata.inject(InjectionMetadata.java:146)
	at org.springframework.beans.factory.annotation.AutowiredAnnotationBeanPostProcessor.postProcessProperties(AutowiredAnnotationBeanPostProcessor.java:509)
	at org.springframework.beans.factory.support.AbstractAutowireCapableBeanFactory.populateBean(AbstractAutowireCapableBeanFactory.java:1445)
	at org.springframework.beans.factory.support.AbstractAutowireCapableBeanFactory.doCreateBean(AbstractAutowireCapableBeanFactory.java:600)
	at org.springframework.beans.factory.support.AbstractAutowireCapableBeanFactory.createBean(AbstractAutowireCapableBeanFactory.java:523)
	at org.springframework.beans.factory.support.AbstractBeanFactory.lambda$doGetBean$0(AbstractBeanFactory.java:339)
	at org.springframework.beans.factory.support.DefaultSingletonBeanRegistry.getSingleton(DefaultSingletonBeanRegistry.java:346)
	at org.springframework.beans.factory.support.AbstractBeanFactory.doGetBean(AbstractBeanFactory.java:337)
	at org.springframework.beans.factory.support.AbstractBeanFactory.getBean(AbstractBeanFactory.java:202)
	at org.springframework.beans.factory.config.DependencyDescriptor.resolveCandidate(DependencyDescriptor.java:254)
	at org.springframework.beans.factory.support.DefaultListableBeanFactory.doResolveDependency(DefaultListableBeanFactory.java:1664)
	at org.springframework.beans.factory.support.DefaultListableBeanFactory.resolveDependency(DefaultListableBeanFactory.java:1552)
	at org.springframework.beans.factory.support.ConstructorResolver.resolveAutowiredArgument(ConstructorResolver.java:913)
	at org.springframework.beans.factory.support.ConstructorResolver.createArgumentArray(ConstructorResolver.java:791)
	... 40 common frames omitted
Caused by: org.springframework.beans.factory.BeanCreationException: Error creating bean with name 'sysParamsDao' defined in file [D:\workspace\WYwei\Java_\Java_21\manager-api\target\classes\mdtg\modules\sys\dao\SysParamsDao.class]: Cannot resolve reference to bean 'sqlSessionTemplate' while setting bean property 'sqlSessionTemplate'
	at org.springframework.beans.factory.support.BeanDefinitionValueResolver.resolveReference(BeanDefinitionValueResolver.java:377)
	at org.springframework.beans.factory.support.BeanDefinitionValueResolver.resolveValueIfNecessary(BeanDefinitionValueResolver.java:135)
	at org.springframework.beans.factory.support.AbstractAutowireCapableBeanFactory.applyPropertyValues(AbstractAutowireCapableBeanFactory.java:1711)
	at org.springframework.beans.factory.support.AbstractAutowireCapableBeanFactory.populateBean(AbstractAutowireCapableBeanFactory.java:1460)
	at org.springframework.beans.factory.support.AbstractAutowireCapableBeanFactory.doCreateBean(AbstractAutowireCapableBeanFactory.java:600)
	at org.springframework.beans.factory.support.AbstractAutowireCapableBeanFactory.createBean(AbstractAutowireCapableBeanFactory.java:523)
	at org.springframework.beans.factory.support.AbstractBeanFactory.lambda$doGetBean$0(AbstractBeanFactory.java:339)
	at org.springframework.beans.factory.support.DefaultSingletonBeanRegistry.getSingleton(DefaultSingletonBeanRegistry.java:346)
	at org.springframework.beans.factory.support.AbstractBeanFactory.doGetBean(AbstractBeanFactory.java:337)
	at org.springframework.beans.factory.support.AbstractBeanFactory.getBean(AbstractBeanFactory.java:202)
	at org.springframework.beans.factory.config.DependencyDescriptor.resolveCandidate(DependencyDescriptor.java:254)
	at org.springframework.beans.factory.support.DefaultListableBeanFactory.doResolveDependency(DefaultListableBeanFactory.java:1664)
	at org.springframework.beans.factory.support.DefaultListableBeanFactory.resolveDependency(DefaultListableBeanFactory.java:1552)
	at org.springframework.beans.factory.annotation.AutowiredAnnotationBeanPostProcessor$AutowiredFieldElement.resolveFieldValue(AutowiredAnnotationBeanPostProcessor.java:785)
	... 55 common frames omitted
Caused by: org.springframework.beans.factory.BeanCreationException: Error creating bean with name 'liquibase' defined in class path resource [org/springframework/boot/autoconfigure/liquibase/LiquibaseAutoConfiguration$LiquibaseConfiguration.class]: Validation Failed:
     11 changesets check sum
          db/changelog/db.changelog-master.yaml::202504092335::John was: 8:930c3dfcbbdbc6b032f764b57438f036 but is now: 8:0f7875c364e8fd37991d5fc205cc57b9
          db/changelog/db.changelog-master.yaml::202504112058::John was: 8:b71794febe1518dc20e04e8e416c387c but is now: 8:e4ed26efe97fa23b3ae50266f7f381a5
          db/changelog/db.changelog-master.yaml::202504151206::John was: 8:85d89b172e4b76c57db9deb3a7af521d but is now: 8:9b27f8011741fa7c60701453e70c2d54
          db/changelog/db.changelog-master.yaml::202504291043::jiangkunyin was: 8:cd187b594a3c490ad1e97053f1d9aa5c but is now: 8:9bf953239c5e783afcaef2dda0424662
          db/changelog/db.changelog-master.yaml::202504301341::Goody was: 8:e4c52117d510d6107b5c58b8cdc420fb but is now: 8:efcb651f85c6f10a918f40ede372a586
          db/changelog/db.changelog-master.yaml::202505091555::whosmyqueen was: 8:f06db077c791ab666854f19a3c4c5e18 but is now: 8:627cbb41c02028dd1f40571421e3db18
          db/changelog/db.changelog-master.yaml::202505182234::amen was: 8:72314c595518e1a4688839b370169422 but is now: 8:5b3d672410299fe6537cabce5692c6a9
          db/changelog/db.changelog-master.yaml::202506080955::hrz was: 8:ecaf55cf09be354e2a031ed3fb73bf8f but is now: 8:90dae9820d7ec106f43ac68fe520df55
          db/changelog/db.changelog-master.yaml::202508131557::RanChen was: 8:17e3b389c1e3ce361d25bc1d0eb2269a but is now: 8:c2a601698f5d4778d2077842f73d0a63
          db/changelog/db.changelog-master.yaml::202511131023::hrz was: 8:55a7320d800622af34fc31edc4923b8d but is now: 8:4822afdbecdea136763cbabeaa4e2ca0
          db/changelog/db.changelog-master.yaml::202512041515::cgd was: 8:7b2f03c53f9d002e5c0e3bee9b057105 but is now: 8:a5771ee326f580f7dbc52b0e3871a9e5

	at org.springframework.beans.factory.support.AbstractAutowireCapableBeanFactory.initializeBean(AbstractAutowireCapableBeanFactory.java:1812)
	at org.springframework.beans.factory.support.AbstractAutowireCapableBeanFactory.doCreateBean(AbstractAutowireCapableBeanFactory.java:601)
	at org.springframework.beans.factory.support.AbstractAutowireCapableBeanFactory.createBean(AbstractAutowireCapableBeanFactory.java:523)
	at org.springframework.beans.factory.support.AbstractBeanFactory.lambda$doGetBean$0(AbstractBeanFactory.java:339)
	at org.springframework.beans.factory.support.DefaultSingletonBeanRegistry.getSingleton(DefaultSingletonBeanRegistry.java:346)
	at org.springframework.beans.factory.support.AbstractBeanFactory.doGetBean(AbstractBeanFactory.java:337)
	at org.springframework.beans.factory.support.AbstractBeanFactory.getBean(AbstractBeanFactory.java:202)
	at org.springframework.beans.factory.support.AbstractBeanFactory.doGetBean(AbstractBeanFactory.java:315)
	at org.springframework.beans.factory.support.AbstractBeanFactory.getBean(AbstractBeanFactory.java:202)
	at org.springframework.beans.factory.support.BeanDefinitionValueResolver.resolveReference(BeanDefinitionValueResolver.java:365)
	... 68 common frames omitted
Caused by: liquibase.exception.ValidationFailedException: Validation Failed:
     11 changesets check sum
          db/changelog/db.changelog-master.yaml::202504092335::John was: 8:930c3dfcbbdbc6b032f764b57438f036 but is now: 8:0f7875c364e8fd37991d5fc205cc57b9
          db/changelog/db.changelog-master.yaml::202504112058::John was: 8:b71794febe1518dc20e04e8e416c387c but is now: 8:e4ed26efe97fa23b3ae50266f7f381a5
          db/changelog/db.changelog-master.yaml::202504151206::John was: 8:85d89b172e4b76c57db9deb3a7af521d but is now: 8:9b27f8011741fa7c60701453e70c2d54
          db/changelog/db.changelog-master.yaml::202504291043::jiangkunyin was: 8:cd187b594a3c490ad1e97053f1d9aa5c but is now: 8:9bf953239c5e783afcaef2dda0424662
          db/changelog/db.changelog-master.yaml::202504301341::Goody was: 8:e4c52117d510d6107b5c58b8cdc420fb but is now: 8:efcb651f85c6f10a918f40ede372a586
          db/changelog/db.changelog-master.yaml::202505091555::whosmyqueen was: 8:f06db077c791ab666854f19a3c4c5e18 but is now: 8:627cbb41c02028dd1f40571421e3db18
          db/changelog/db.changelog-master.yaml::202505182234::amen was: 8:72314c595518e1a4688839b370169422 but is now: 8:5b3d672410299fe6537cabce5692c6a9
          db/changelog/db.changelog-master.yaml::202506080955::hrz was: 8:ecaf55cf09be354e2a031ed3fb73bf8f but is now: 8:90dae9820d7ec106f43ac68fe520df55
          db/changelog/db.changelog-master.yaml::202508131557::RanChen was: 8:17e3b389c1e3ce361d25bc1d0eb2269a but is now: 8:c2a601698f5d4778d2077842f73d0a63
          db/changelog/db.changelog-master.yaml::202511131023::hrz was: 8:55a7320d800622af34fc31edc4923b8d but is now: 8:4822afdbecdea136763cbabeaa4e2ca0
          db/changelog/db.changelog-master.yaml::202512041515::cgd was: 8:7b2f03c53f9d002e5c0e3bee9b057105 but is now: 8:a5771ee326f580f7dbc52b0e3871a9e5

	at liquibase.changelog.DatabaseChangeLog.validate(DatabaseChangeLog.java:357)
	at liquibase.Liquibase$16.run(Liquibase.java:2296)
	at liquibase.Scope.lambda$child$0(Scope.java:187)
	at liquibase.Scope.child(Scope.java:196)
	at liquibase.Scope.child(Scope.java:186)
	at liquibase.Scope.child(Scope.java:165)
	at liquibase.Liquibase.runInScope(Liquibase.java:2639)
	at liquibase.Liquibase.listUnrunChangeSets(Liquibase.java:2286)
	at liquibase.Liquibase.isUpToDateFastCheck(Liquibase.java:506)
	at liquibase.Liquibase.lambda$update$1(Liquibase.java:237)
	at liquibase.Scope.lambda$child$0(Scope.java:187)
	at liquibase.Scope.child(Scope.java:196)
	at liquibase.Scope.child(Scope.java:186)
	at liquibase.Scope.child(Scope.java:165)
	at liquibase.Liquibase.runInScope(Liquibase.java:2639)
	at liquibase.Liquibase.update(Liquibase.java:236)
	at liquibase.Liquibase.update(Liquibase.java:221)
	at liquibase.integration.spring.SpringLiquibase.performUpdate(SpringLiquibase.java:329)
	at liquibase.integration.spring.SpringLiquibase.afterPropertiesSet(SpringLiquibase.java:284)
	at org.springframework.beans.factory.support.AbstractAutowireCapableBeanFactory.invokeInitMethods(AbstractAutowireCapableBeanFactory.java:1859)
	at org.springframework.beans.factory.support.AbstractAutowireCapableBeanFactory.initializeBean(AbstractAutowireCapableBeanFactory.java:1808)
	... 77 common frames omitted
2026-02-25 17:23:37.553 [main] ERROR o.s.b.diagnostics.LoggingFailureAnalysisReporter - 

***************************
APPLICATION FAILED TO START
***************************

Description:

A component required a bean named 'liquibase' that could not be found.


Action:

Consider defining a bean named 'liquibase' in your configuration.

2026-02-25 17:25:50.462 [main] ERROR o.s.b.diagnostics.LoggingFailureAnalysisReporter - 

***************************
APPLICATION FAILED TO START
***************************

Description:

A component required a bean named 'liquibase' that could not be found.


Action:

Consider defining a bean named 'liquibase' in your configuration.

2026-02-25 17:36:23.966 [main] ERROR org.springframework.boot.SpringApplication - Application run failed
org.springframework.beans.factory.BeanCreationException: Error creating bean with name 'systemInitConfig': Invocation of init method failed
	at org.springframework.beans.factory.annotation.InitDestroyAnnotationBeanPostProcessor.postProcessBeforeInitialization(InitDestroyAnnotationBeanPostProcessor.java:222)
	at org.springframework.beans.factory.support.AbstractAutowireCapableBeanFactory.applyBeanPostProcessorsBeforeInitialization(AbstractAutowireCapableBeanFactory.java:423)
	at org.springframework.beans.factory.support.AbstractAutowireCapableBeanFactory.initializeBean(AbstractAutowireCapableBeanFactory.java:1804)
	at org.springframework.beans.factory.support.AbstractAutowireCapableBeanFactory.doCreateBean(AbstractAutowireCapableBeanFactory.java:601)
	at org.springframework.beans.factory.support.AbstractAutowireCapableBeanFactory.createBean(AbstractAutowireCapableBeanFactory.java:523)
	at org.springframework.beans.factory.support.AbstractBeanFactory.lambda$doGetBean$0(AbstractBeanFactory.java:339)
	at org.springframework.beans.factory.support.DefaultSingletonBeanRegistry.getSingleton(DefaultSingletonBeanRegistry.java:346)
	at org.springframework.beans.factory.support.AbstractBeanFactory.doGetBean(AbstractBeanFactory.java:337)
	at org.springframework.beans.factory.support.AbstractBeanFactory.getBean(AbstractBeanFactory.java:202)
	at org.springframework.beans.factory.support.DefaultListableBeanFactory.instantiateSingleton(DefaultListableBeanFactory.java:1155)
	at org.springframework.beans.factory.support.DefaultListableBeanFactory.preInstantiateSingleton(DefaultListableBeanFactory.java:1121)
	at org.springframework.beans.factory.support.DefaultListableBeanFactory.preInstantiateSingletons(DefaultListableBeanFactory.java:1056)
	at org.springframework.context.support.AbstractApplicationContext.finishBeanFactoryInitialization(AbstractApplicationContext.java:987)
	at org.springframework.context.support.AbstractApplicationContext.refresh(AbstractApplicationContext.java:627)
	at org.springframework.boot.web.servlet.context.ServletWebServerApplicationContext.refresh(ServletWebServerApplicationContext.java:146)
	at org.springframework.boot.SpringApplication.refresh(SpringApplication.java:752)
	at org.springframework.boot.SpringApplication.refreshContext(SpringApplication.java:439)
	at org.springframework.boot.SpringApplication.run(SpringApplication.java:318)
	at org.springframework.boot.SpringApplication.run(SpringApplication.java:1361)
	at org.springframework.boot.SpringApplication.run(SpringApplication.java:1350)
	at mdtg.AdminApplication.main(AdminApplication.java:10)
Caused by: org.springframework.data.redis.RedisConnectionFailureException: Unable to connect to Redis
	at org.springframework.data.redis.connection.lettuce.LettuceConnectionFactory$ExceptionTranslatingConnectionProvider.translateException(LettuceConnectionFactory.java:1858)
	at org.springframework.data.redis.connection.lettuce.LettuceConnectionFactory$ExceptionTranslatingConnectionProvider.getConnection(LettuceConnectionFactory.java:1789)
	at org.springframework.data.redis.connection.lettuce.LettuceConnectionFactory$SharedConnection.getNativeConnection(LettuceConnectionFactory.java:1586)
	at org.springframework.data.redis.connection.lettuce.LettuceConnectionFactory$SharedConnection.lambda$getConnection$0(LettuceConnectionFactory.java:1566)
	at org.springframework.data.redis.connection.lettuce.LettuceConnectionFactory.doInLock(LettuceConnectionFactory.java:1527)
	at org.springframework.data.redis.connection.lettuce.LettuceConnectionFactory$SharedConnection.getConnection(LettuceConnectionFactory.java:1563)
	at org.springframework.data.redis.connection.lettuce.LettuceConnectionFactory.getSharedConnection(LettuceConnectionFactory.java:1249)
	at org.springframework.data.redis.connection.lettuce.LettuceConnectionFactory.getConnection(LettuceConnectionFactory.java:1055)
	at org.springframework.data.redis.core.RedisConnectionUtils.fetchConnection(RedisConnectionUtils.java:195)
	at org.springframework.data.redis.core.RedisConnectionUtils.doGetConnection(RedisConnectionUtils.java:144)
	at org.springframework.data.redis.core.RedisConnectionUtils.getConnection(RedisConnectionUtils.java:105)
	at org.springframework.data.redis.core.RedisTemplate.execute(RedisTemplate.java:398)
	at org.springframework.data.redis.core.RedisTemplate.execute(RedisTemplate.java:378)
	at org.springframework.data.redis.core.AbstractOperations.execute(AbstractOperations.java:117)
	at org.springframework.data.redis.core.DefaultValueOperations.get(DefaultValueOperations.java:49)
	at mdtg.common.redis.RedisUtils.get(RedisUtils.java:78)
	at mdtg.common.redis.RedisUtils.get(RedisUtils.java:86)
	at mdtg.modules.config.init.SystemInitConfig.init(SystemInitConfig.java:28)
	at java.base/jdk.internal.reflect.DirectMethodHandleAccessor.invoke(DirectMethodHandleAccessor.java:103)
	at java.base/java.lang.reflect.Method.invoke(Method.java:580)
	at org.springframework.beans.factory.annotation.InitDestroyAnnotationBeanPostProcessor$LifecycleMethod.invoke(InitDestroyAnnotationBeanPostProcessor.java:457)
	at org.springframework.beans.factory.annotation.InitDestroyAnnotationBeanPostProcessor$LifecycleMetadata.invokeInitMethods(InitDestroyAnnotationBeanPostProcessor.java:401)
	at org.springframework.beans.factory.annotation.InitDestroyAnnotationBeanPostProcessor.postProcessBeforeInitialization(InitDestroyAnnotationBeanPostProcessor.java:219)
	... 20 common frames omitted
Caused by: io.lettuce.core.RedisConnectionException: Unable to connect to 47.101.196.164/<unresolved>:6379
	at io.lettuce.core.RedisConnectionException.create(RedisConnectionException.java:63)
	at io.lettuce.core.RedisConnectionException.create(RedisConnectionException.java:41)
	at io.lettuce.core.AbstractRedisClient.getConnection(AbstractRedisClient.java:354)
	at io.lettuce.core.RedisClient.connect(RedisClient.java:219)
	at org.springframework.data.redis.connection.lettuce.StandaloneConnectionProvider.lambda$getConnection$1(StandaloneConnectionProvider.java:112)
	at java.base/java.util.Optional.orElseGet(Optional.java:364)
	at org.springframework.data.redis.connection.lettuce.StandaloneConnectionProvider.getConnection(StandaloneConnectionProvider.java:112)
	at org.springframework.data.redis.connection.lettuce.LettuceConnectionFactory$ExceptionTranslatingConnectionProvider.getConnection(LettuceConnectionFactory.java:1787)
	... 41 common frames omitted
Caused by: io.netty.channel.ConnectTimeoutException: connection timed out after 10000 ms: /47.101.196.164:6379
	at io.netty.channel.nio.AbstractNioChannel$AbstractNioUnsafe$1.run(AbstractNioChannel.java:263)
	at io.netty.util.concurrent.PromiseTask.runTask(PromiseTask.java:98)
	at io.netty.util.concurrent.ScheduledFutureTask.run(ScheduledFutureTask.java:156)
	at io.netty.util.concurrent.AbstractEventExecutor.runTask(AbstractEventExecutor.java:173)
	at io.netty.util.concurrent.AbstractEventExecutor.safeExecute(AbstractEventExecutor.java:166)
	at io.netty.util.concurrent.SingleThreadEventExecutor.runAllTasks(SingleThreadEventExecutor.java:472)
	at io.netty.channel.nio.NioEventLoop.run(NioEventLoop.java:569)
	at io.netty.util.concurrent.SingleThreadEventExecutor$4.run(SingleThreadEventExecutor.java:998)
	at io.netty.util.internal.ThreadExecutorMap$2.run(ThreadExecutorMap.java:74)
	at io.netty.util.concurrent.FastThreadLocalRunnable.run(FastThreadLocalRunnable.java:30)
	at java.base/java.lang.Thread.run(Thread.java:1583)
